NAICS,BEA_Sector,BEA_Summary,BEA_Detail,USEEIO
11,11,111CA,1111A0,1111A0
11,11,111CA,1111B0,1111B0
11,11,111CA,111200,111200
11,11,111CA,111300,111300
11,11,111CA,111400,111400
11,11,111CA,111900,111900
11,11,111CA,112120,112120
11,11,111CA,1121A0,1121A0
11,11,111CA,112300,112300
11,11,111CA,112A00,112A00
11,11,113FF,113000,113000
11,11,113FF,114000,114000
11,11,113FF,115000,115000
111,11,111CA,1111A0,1111A0
111,11,111CA,1111B0,1111B0
111,11,111CA,111200,111200
111,11,111CA,111300,111300
111,11,111CA,111400,111400
111,11,111CA,111900,111900
1111,11,111CA,1111A0,1111A0
1111,11,111CA,1111B0,1111B0
11111,11,111CA,1111A0,1111A0
111110,11,111CA,1111A0,1111A0
11112,11,111CA,1111A0,1111A0
111120,11,111CA,1111A0,1111A0
11113,11,111CA,1111B0,1111B0
111130,11,111CA,1111B0,1111B0
11114,11,111CA,1111B0,1111B0
111140,11,111CA,1111B0,1111B0
11115,11,111CA,1111B0,1111B0
111150,11,111CA,1111B0,1111B0
11116,11,111CA,1111B0,1111B0
111160,11,111CA,1111B0,1111B0
11119,11,111CA,1111B0,1111B0
111191,11,111CA,1111B0,1111B0
111199,11,111CA,1111B0,1111B0
1112,11,111CA,111200,111200
11121,11,111CA,111200,111200
111211,11,111CA,111200,111200
111219,11,111CA,111200,111200
1113,11,111CA,111300,111300
11131,11,111CA,111300,111300
111310,11,111CA,111300,111300
11132,11,111CA,111300,111300
111320,11,111CA,111300,111300
11133,11,111CA,111300,111300
111331,11,111CA,111300,111300
111332,11,111CA,111300,111300
111333,11,111CA,111300,111300
111334,11,111CA,111300,111300
111335,11,111CA,111300,111300
111336,11,111CA,111300,111300
111339,11,111CA,111300,111300
1114,11,111CA,111400,111400
11141,11,111CA,111400,111400
111411,11,111CA,111400,111400
111419,11,111CA,111400,111400
11142,11,111CA,111400,111400
111421,11,111CA,111400,111400
111422,11,111CA,111400,111400
1119,11,111CA,111900,111900
11191,11,111CA,111900,111900
111910,11,111CA,111900,111900
11192,11,111CA,111900,111900
111920,11,111CA,111900,111900
11193,11,111CA,111900,111900
111930,11,111CA,111900,111900
11194,11,111CA,111900,111900
111940,11,111CA,111900,111900
11199,11,111CA,111900,111900
111991,11,111CA,111900,111900
111992,11,111CA,111900,111900
111998,11,111CA,111900,111900
112,11,111CA,112120,112120
112,11,111CA,1121A0,1121A0
112,11,111CA,112300,112300
112,11,111CA,112A00,112A00
1121,11,111CA,112120,112120
1121,11,111CA,1121A0,1121A0
11211,11,111CA,1121A0,1121A0
112111,11,111CA,1121A0,1121A0
112112,11,111CA,1121A0,1121A0
11212,11,111CA,112120,112120
112120,11,111CA,112120,112120
11213,11,111CA,1121A0,1121A0
112130,11,111CA,1121A0,1121A0
1122,11,111CA,112A00,112A00
11221,11,111CA,112A00,112A00
112210,11,111CA,112A00,112A00
1123,11,111CA,112300,112300
11231,11,111CA,112300,112300
112310,11,111CA,112300,112300
11232,11,111CA,112300,112300
112320,11,111CA,112300,112300
11233,11,111CA,112300,112300
112330,11,111CA,112300,112300
11234,11,111CA,112300,112300
112340,11,111CA,112300,112300
11239,11,111CA,112300,112300
112390,11,111CA,112300,112300
1124,11,111CA,112A00,112A00
11241,11,111CA,112A00,112A00
112410,11,111CA,112A00,112A00
11242,11,111CA,112A00,112A00
112420,11,111CA,112A00,112A00
1125,11,111CA,112A00,112A00
11251,11,111CA,112A00,112A00
112511,11,111CA,112A00,112A00
112512,11,111CA,112A00,112A00
112519,11,111CA,112A00,112A00
1129,11,111CA,112A00,112A00
11291,11,111CA,112A00,112A00
112910,11,111CA,112A00,112A00
11292,11,111CA,112A00,112A00
112920,11,111CA,112A00,112A00
11293,11,111CA,112A00,112A00
112930,11,111CA,112A00,112A00
11299,11,111CA,112A00,112A00
112990,11,111CA,112A00,112A00
113,11,113FF,113000,113000
1131,11,113FF,113000,113000
11311,11,113FF,113000,113000
113110,11,113FF,113000,113000
1132,11,113FF,113000,113000
11321,11,113FF,113000,113000
113210,11,113FF,113000,113000
1133,11,113FF,113000,113000
11331,11,113FF,113000,113000
113310,11,113FF,113000,113000
114,11,113FF,114000,114000
1141,11,113FF,114000,114000
11411,11,113FF,114000,114000
114111,11,113FF,114000,114000
114112,11,113FF,114000,114000
114119,11,113FF,114000,114000
1142,11,113FF,114000,114000
11421,11,113FF,114000,114000
114210,11,113FF,114000,114000
115,11,113FF,115000,115000
1151,11,113FF,115000,115000
11511,11,113FF,115000,115000
115111,11,113FF,115000,115000
115112,11,113FF,115000,115000
115113,11,113FF,115000,115000
115114,11,113FF,115000,115000
115115,11,113FF,115000,115000
115116,11,113FF,115000,115000
1152,11,113FF,115000,115000
11521,11,113FF,115000,115000
115210,11,113FF,115000,115000
1153,11,113FF,115000,115000
11531,11,113FF,115000,115000
115310,11,113FF,115000,115000
21,21,211,211000,211000
21,21,212,212100,212100
21,21,212,212230,212230
21,21,212,2122A0,2122A0
21,21,212,212310,212310
21,21,212,2123A0,2123A0
21,21,213,213111,213111
21,21,213,21311A,21311A
211,21,211,211000,211000
2111,21,211,211000,211000
21112,21,211,211000,211000
211120,21,211,211000,211000
21113,21,211,211000,211000
211130,21,211,211000,211000
212,21,212,212100,212100
212,21,212,212230,212230
212,21,212,2122A0,2122A0
212,21,212,212310,212310
212,21,212,2123A0,2123A0
2121,21,212,212100,212100
21211,21,212,212100,212100
212111,21,212,212100,212100
212112,21,212,212100,212100
212113,21,212,212100,212100
2122,21,212,212230,212230
2122,21,212,2122A0,2122A0
21221,21,212,2122A0,2122A0
212210,21,212,2122A0,2122A0
21222,21,212,2122A0,2122A0
212221,21,212,2122A0,2122A0
212222,21,212,2122A0,2122A0
21223,21,212,212230,212230
212230,21,212,212230,212230
21229,21,212,2122A0,2122A0
212291,21,212,2122A0,2122A0
212299,21,212,2122A0,2122A0
2123,21,212,212310,212310
2123,21,212,2123A0,2123A0
21231,21,212,212310,212310
212311,21,212,212310,212310
212312,21,212,212310,212310
212313,21,212,212310,212310
212319,21,212,212310,212310
21232,21,212,2123A0,2123A0
212321,21,212,2123A0,2123A0
212322,21,212,2123A0,2123A0
212324,21,212,2123A0,2123A0
212325,21,212,2123A0,2123A0
21239,21,212,2123A0,2123A0
212391,21,212,2123A0,2123A0
212392,21,212,2123A0,2123A0
212393,21,212,2123A0,2123A0
212399,21,212,2123A0,2123A0
213,21,213,213111,213111
213,21,213,21311A,21311A
2131,21,213,213111,213111
2131,21,213,21311A,21311A
21311,21,213,213111,213111
21311,21,213,21311A,21311A
213111,21,213,213111,213111
213112,21,213,21311A,21311A
213113,21,213,21311A,21311A
213114,21,213,21311A,21311A
213115,21,213,21311A,21311A
22,22,22,221100,221100
22,22,22,221200,221200
22,22,22,221300,221300
221,22,22,221100,221100
221,22,22,221200,221200
221,22,22,221300,221300
2211,22,22,221100,221100
22111,22,22,221100,221100
221111,22,22,221100,221100
221112,22,22,221100,221100
221113,22,22,221100,221100
221114,22,22,221100,221100
221115,22,22,221100,221100
221116,22,22,221100,221100
221117,22,22,221100,221100
221118,22,22,221100,221100
22112,22,22,221100,221100
221121,22,22,221100,221100
221122,22,22,221100,221100
2212,22,22,221200,221200
22121,22,22,221200,221200
221210,22,22,221200,221200
2213,22,22,221300,221300
22131,22,22,221300,221300
221310,22,22,221300,221300
22132,22,22,221300,221300
221320,22,22,221300,221300
22133,22,22,221300,221300
221330,22,22,221300,221300
23,23,23,230301,230301
23,23,23,230302,230302
23,23,23,233210,233210
23,23,23,233230,233230
23,23,23,233240,233240
23,23,23,233262,233262
23,23,23,2332A0,2332A0
23,23,23,2332C0,2332C0
23,23,23,2332D0,2332D0
23,23,23,233411,233411
23,23,23,233412,233412
23,23,23,2334A0,2334A0
236,23,23,230301,230301
236,23,23,230302,230302
236,23,23,233210,233210
236,23,23,233230,233230
236,23,23,233262,233262
236,23,23,2332A0,2332A0
236,23,23,2332D0,2332D0
236,23,23,233411,233411
236,23,23,233412,233412
236,23,23,2334A0,2334A0
2361,23,23,230302,230302
2361,23,23,233411,233411
2361,23,23,233412,233412
2361,23,23,2334A0,2334A0
23611,23,23,230302,230302
23611,23,23,233411,233411
23611,23,23,233412,233412
23611,23,23,2334A0,2334A0
236115,23,23,233411,233411
236116,23,23,233412,233412
236117,23,23,233411,233411
236117,23,23,233412,233412
236117,23,23,2334A0,2334A0
236118,23,23,230302,230302
2362,23,23,230301,230301
2362,23,23,233210,233210
2362,23,23,233230,233230
2362,23,23,233262,233262
2362,23,23,2332A0,2332A0
2362,23,23,2332D0,2332D0
23621,23,23,230301,230301
23621,23,23,233230,233230
236210,23,23,230301,230301
236210,23,23,233230,233230
23622,23,23,230301,230301
23622,23,23,233210,233210
23622,23,23,233262,233262
23622,23,23,2332A0,2332A0
236220,23,23,230301,230301
236220,23,23,233210,233210
236220,23,23,233262,233262
236220,23,23,2332A0,2332A0
237,23,23,233240,233240
237,23,23,2332C0,2332C0
237,23,23,2332D0,2332D0
2371,23,23,233240,233240
23711,23,23,233240,233240
237110,23,23,233240,233240
23712,23,23,233240,233240
237120,23,23,233240,233240
23713,23,23,233240,233240
237130,23,23,233240,233240
2372,23,23,233210,233210
2372,23,23,233230,233230
2372,23,23,233240,233240
2372,23,23,233262,233262
2372,23,23,2332A0,2332A0
2372,23,23,2332C0,2332C0
2372,23,23,2332D0,2332D0
2372,23,23,233411,233411
2372,23,23,233412,233412
2372,23,23,2334A0,2334A0
23721,23,23,233210,233210
23721,23,23,233230,233230
23721,23,23,233240,233240
23721,23,23,233262,233262
23721,23,23,2332A0,2332A0
23721,23,23,2332C0,2332C0
23721,23,23,2332D0,2332D0
23721,23,23,233411,233411
23721,23,23,233412,233412
23721,23,23,2334A0,2334A0
237210,23,23,233210,233210
237210,23,23,233230,233230
237210,23,23,233240,233240
237210,23,23,233262,233262
237210,23,23,2332A0,2332A0
237210,23,23,2332C0,2332C0
237210,23,23,2332D0,2332D0
237210,23,23,233411,233411
237210,23,23,233412,233412
237210,23,23,2334A0,2334A0
2373,23,23,2332C0,2332C0
23731,23,23,2332C0,2332C0
237310,23,23,2332C0,2332C0
2379,23,23,2332D0,2332D0
23799,23,23,2332D0,2332D0
237990,23,23,2332D0,2332D0
238,23,23,230301,230301
238,23,23,230302,230302
238,23,23,233210,233210
238,23,23,233230,233230
238,23,23,233240,233240
238,23,23,233262,233262
238,23,23,2332A0,2332A0
238,23,23,2332D0,2332D0
238,23,23,233411,233411
238,23,23,233412,233412
238,23,23,2334A0,2334A0
2381,23,23,230301,230301
2381,23,23,230302,230302
2381,23,23,233210,233210
2381,23,23,233230,233230
2381,23,23,233240,233240
2381,23,23,233262,233262
2381,23,23,2332A0,2332A0
2381,23,23,2332D0,2332D0
2381,23,23,233411,233411
2381,23,23,233412,233412
2381,23,23,2334A0,2334A0
23811,23,23,230301,230301
23811,23,23,230302,230302
23811,23,23,233210,233210
23811,23,23,233230,233230
23811,23,23,233240,233240
23811,23,23,233262,233262
23811,23,23,2332A0,2332A0
23811,23,23,2332D0,2332D0
23811,23,23,233411,233411
23811,23,23,233412,233412
23811,23,23,2334A0,2334A0
238110,23,23,230301,230301
238110,23,23,230302,230302
238110,23,23,233210,233210
238110,23,23,233230,233230
238110,23,23,233240,233240
238110,23,23,233262,233262
238110,23,23,2332A0,2332A0
238110,23,23,2332D0,2332D0
238110,23,23,233411,233411
238110,23,23,233412,233412
238110,23,23,2334A0,2334A0
23812,23,23,230301,230301
23812,23,23,230302,230302
23812,23,23,233210,233210
23812,23,23,233230,233230
23812,23,23,233240,233240
23812,23,23,233262,233262
23812,23,23,2332A0,2332A0
23812,23,23,2332D0,2332D0
23812,23,23,233411,233411
23812,23,23,233412,233412
23812,23,23,2334A0,2334A0
238120,23,23,230301,230301
238120,23,23,230302,230302
238120,23,23,233210,233210
238120,23,23,233230,233230
238120,23,23,233240,233240
238120,23,23,233262,233262
238120,23,23,2332A0,2332A0
238120,23,23,2332D0,2332D0
238120,23,23,233411,233411
238120,23,23,233412,233412
238120,23,23,2334A0,2334A0
23813,23,23,230301,230301
23813,23,23,230302,230302
23813,23,23,233210,233210
23813,23,23,233230,233230
23813,23,23,233240,233240
23813,23,23,233262,233262
23813,23,23,2332A0,2332A0
23813,23,23,2332D0,2332D0
23813,23,23,233411,233411
23813,23,23,233412,233412
23813,23,23,2334A0,2334A0
238130,23,23,230301,230301
238130,23,23,230302,230302
238130,23,23,233210,233210
238130,23,23,233230,233230
238130,23,23,233240,233240
238130,23,23,233262,233262
238130,23,23,2332A0,2332A0
238130,23,23,2332D0,2332D0
238130,23,23,233411,233411
238130,23,23,233412,233412
238130,23,23,2334A0,2334A0
23814,23,23,230301,230301
23814,23,23,230302,230302
23814,23,23,233210,233210
23814,23,23,233230,233230
23814,23,23,233240,233240
23814,23,23,233262,233262
23814,23,23,2332A0,2332A0
23814,23,23,2332D0,2332D0
23814,23,23,233411,233411
23814,23,23,233412,233412
23814,23,23,2334A0,2334A0
238140,23,23,230301,230301
238140,23,23,230302,230302
238140,23,23,233210,233210
238140,23,23,233230,233230
238140,23,23,233240,233240
238140,23,23,233262,233262
238140,23,23,2332A0,2332A0
238140,23,23,2332D0,2332D0
238140,23,23,233411,233411
238140,23,23,233412,233412
238140,23,23,2334A0,2334A0
23815,23,23,230301,230301
23815,23,23,230302,230302
23815,23,23,233210,233210
23815,23,23,233230,233230
23815,23,23,233240,233240
23815,23,23,233262,233262
23815,23,23,2332A0,2332A0
23815,23,23,2332D0,2332D0
23815,23,23,233411,233411
23815,23,23,233412,233412
23815,23,23,2334A0,2334A0
238150,23,23,230301,230301
238150,23,23,230302,230302
238150,23,23,233210,233210
238150,23,23,233230,233230
238150,23,23,233240,233240
238150,23,23,233262,233262
238150,23,23,2332A0,2332A0
238150,23,23,2332D0,2332D0
238150,23,23,233411,233411
238150,23,23,233412,233412
238150,23,23,2334A0,2334A0
23816,23,23,230301,230301
23816,23,23,230302,230302
23816,23,23,233210,233210
23816,23,23,233230,233230
23816,23,23,233240,233240
23816,23,23,233262,233262
23816,23,23,2332A0,2332A0
23816,23,23,2332D0,2332D0
23816,23,23,233411,233411
23816,23,23,233412,233412
23816,23,23,2334A0,2334A0
238160,23,23,230301,230301
238160,23,23,230302,230302
238160,23,23,233210,233210
238160,23,23,233230,233230
238160,23,23,233240,233240
238160,23,23,233262,233262
238160,23,23,2332A0,2332A0
238160,23,23,2332D0,2332D0
238160,23,23,233411,233411
238160,23,23,233412,233412
238160,23,23,2334A0,2334A0
23817,23,23,230301,230301
23817,23,23,230302,230302
23817,23,23,233210,233210
23817,23,23,233230,233230
23817,23,23,233240,233240
23817,23,23,233262,233262
23817,23,23,2332A0,2332A0
23817,23,23,2332D0,2332D0
23817,23,23,233411,233411
23817,23,23,233412,233412
23817,23,23,2334A0,2334A0
238170,23,23,230301,230301
238170,23,23,230302,230302
238170,23,23,233210,233210
238170,23,23,233230,233230
238170,23,23,233240,233240
238170,23,23,233262,233262
238170,23,23,2332A0,2332A0
238170,23,23,2332D0,2332D0
238170,23,23,233411,233411
238170,23,23,233412,233412
238170,23,23,2334A0,2334A0
23819,23,23,230301,230301
23819,23,23,230302,230302
23819,23,23,233210,233210
23819,23,23,233230,233230
23819,23,23,233240,233240
23819,23,23,233262,233262
23819,23,23,2332A0,2332A0
23819,23,23,2332D0,2332D0
23819,23,23,233411,233411
23819,23,23,233412,233412
23819,23,23,2334A0,2334A0
238190,23,23,230301,230301
238190,23,23,230302,230302
238190,23,23,233210,233210
238190,23,23,233230,233230
238190,23,23,233240,233240
238190,23,23,233262,233262
238190,23,23,2332A0,2332A0
238190,23,23,2332D0,2332D0
238190,23,23,233411,233411
238190,23,23,233412,233412
238190,23,23,2334A0,2334A0
2382,23,23,230301,230301
2382,23,23,230302,230302
2382,23,23,233210,233210
2382,23,23,233230,233230
2382,23,23,233240,233240
2382,23,23,233262,233262
2382,23,23,2332A0,2332A0
2382,23,23,2332D0,2332D0
2382,23,23,233411,233411
2382,23,23,233412,233412
2382,23,23,2334A0,2334A0
23821,23,23,230301,230301
23821,23,23,230302,230302
23821,23,23,233210,233210
23821,23,23,233230,233230
23821,23,23,233240,233240
23821,23,23,233262,233262
23821,23,23,2332A0,2332A0
23821,23,23,2332D0,2332D0
23821,23,23,233411,233411
23821,23,23,233412,233412
23821,23,23,2334A0,2334A0
238210,23,23,230301,230301
238210,23,23,230302,230302
238210,23,23,233210,233210
238210,23,23,233230,233230
238210,23,23,233240,233240
238210,23,23,233262,233262
238210,23,23,2332A0,2332A0
238210,23,23,2332D0,2332D0
238210,23,23,233411,233411
238210,23,23,233412,233412
238210,23,23,2334A0,2334A0
23822,23,23,230301,230301
23822,23,23,230302,230302
23822,23,23,233210,233210
23822,23,23,233230,233230
23822,23,23,233240,233240
23822,23,23,233262,233262
23822,23,23,2332A0,2332A0
23822,23,23,2332D0,2332D0
23822,23,23,233411,233411
23822,23,23,233412,233412
23822,23,23,2334A0,2334A0
238220,23,23,230301,230301
238220,23,23,230302,230302
238220,23,23,233210,233210
238220,23,23,233230,233230
238220,23,23,233240,233240
238220,23,23,233262,233262
238220,23,23,2332A0,2332A0
238220,23,23,2332D0,2332D0
238220,23,23,233411,233411
238220,23,23,233412,233412
238220,23,23,2334A0,2334A0
23829,23,23,230301,230301
23829,23,23,230302,230302
23829,23,23,233210,233210
23829,23,23,233230,233230
23829,23,23,233240,233240
23829,23,23,233262,233262
23829,23,23,2332A0,2332A0
23829,23,23,2332D0,2332D0
23829,23,23,233411,233411
23829,23,23,233412,233412
23829,23,23,2334A0,2334A0
238290,23,23,230301,230301
238290,23,23,230302,230302
238290,23,23,233210,233210
238290,23,23,233230,233230
238290,23,23,233240,233240
238290,23,23,233262,233262
238290,23,23,2332A0,2332A0
238290,23,23,2332D0,2332D0
238290,23,23,233411,233411
238290,23,23,233412,233412
238290,23,23,2334A0,2334A0
2383,23,23,230301,230301
2383,23,23,230302,230302
2383,23,23,233210,233210
2383,23,23,233230,233230
2383,23,23,233240,233240
2383,23,23,233262,233262
2383,23,23,2332A0,2332A0
2383,23,23,2332D0,2332D0
2383,23,23,233411,233411
2383,23,23,233412,233412
2383,23,23,2334A0,2334A0
23831,23,23,230301,230301
23831,23,23,230302,230302
23831,23,23,233210,233210
23831,23,23,233230,233230
23831,23,23,233240,233240
23831,23,23,233262,233262
23831,23,23,2332A0,2332A0
23831,23,23,2332D0,2332D0
23831,23,23,233411,233411
23831,23,23,233412,233412
23831,23,23,2334A0,2334A0
238310,23,23,230301,230301
238310,23,23,230302,230302
238310,23,23,233210,233210
238310,23,23,233230,233230
238310,23,23,233240,233240
238310,23,23,233262,233262
238310,23,23,2332A0,2332A0
238310,23,23,2332D0,2332D0
238310,23,23,233411,233411
238310,23,23,233412,233412
238310,23,23,2334A0,2334A0
23832,23,23,230301,230301
23832,23,23,230302,230302
23832,23,23,233210,233210
23832,23,23,233230,233230
23832,23,23,233240,233240
23832,23,23,233262,233262
23832,23,23,2332A0,2332A0
23832,23,23,2332D0,2332D0
23832,23,23,233411,233411
23832,23,23,233412,233412
23832,23,23,2334A0,2334A0
238320,23,23,230301,230301
238320,23,23,230302,230302
238320,23,23,233210,233210
238320,23,23,233230,233230
238320,23,23,233240,233240
238320,23,23,233262,233262
238320,23,23,2332A0,2332A0
238320,23,23,2332D0,2332D0
238320,23,23,233411,233411
238320,23,23,233412,233412
238320,23,23,2334A0,2334A0
23833,23,23,230301,230301
23833,23,23,230302,230302
23833,23,23,233210,233210
23833,23,23,233230,233230
23833,23,23,233240,233240
23833,23,23,233262,233262
23833,23,23,2332A0,2332A0
23833,23,23,2332D0,2332D0
23833,23,23,233411,233411
23833,23,23,233412,233412
23833,23,23,2334A0,2334A0
238330,23,23,230301,230301
238330,23,23,230302,230302
238330,23,23,233210,233210
238330,23,23,233230,233230
238330,23,23,233240,233240
238330,23,23,233262,233262
238330,23,23,2332A0,2332A0
238330,23,23,2332D0,2332D0
238330,23,23,233411,233411
238330,23,23,233412,233412
238330,23,23,2334A0,2334A0
23834,23,23,230301,230301
23834,23,23,230302,230302
23834,23,23,233210,233210
23834,23,23,233230,233230
23834,23,23,233240,233240
23834,23,23,233262,233262
23834,23,23,2332A0,2332A0
23834,23,23,2332D0,2332D0
23834,23,23,233411,233411
23834,23,23,233412,233412
23834,23,23,2334A0,2334A0
238340,23,23,230301,230301
238340,23,23,230302,230302
238340,23,23,233210,233210
238340,23,23,233230,233230
238340,23,23,233240,233240
238340,23,23,233262,233262
238340,23,23,2332A0,2332A0
238340,23,23,2332D0,2332D0
238340,23,23,233411,233411
238340,23,23,233412,233412
238340,23,23,2334A0,2334A0
23835,23,23,230301,230301
23835,23,23,230302,230302
23835,23,23,233210,233210
23835,23,23,233230,233230
23835,23,23,233240,233240
23835,23,23,233262,233262
23835,23,23,2332A0,2332A0
23835,23,23,2332D0,2332D0
23835,23,23,233411,233411
23835,23,23,233412,233412
23835,23,23,2334A0,2334A0
238350,23,23,230301,230301
238350,23,23,230302,230302
238350,23,23,233210,233210
238350,23,23,233230,233230
238350,23,23,233240,233240
238350,23,23,233262,233262
238350,23,23,2332A0,2332A0
238350,23,23,2332D0,2332D0
238350,23,23,233411,233411
238350,23,23,233412,233412
238350,23,23,2334A0,2334A0
23839,23,23,230301,230301
23839,23,23,230302,230302
23839,23,23,233210,233210
23839,23,23,233230,233230
23839,23,23,233240,233240
23839,23,23,233262,233262
23839,23,23,2332A0,2332A0
23839,23,23,2332D0,2332D0
23839,23,23,233411,233411
23839,23,23,233412,233412
23839,23,23,2334A0,2334A0
238390,23,23,230301,230301
238390,23,23,230302,230302
238390,23,23,233210,233210
238390,23,23,233230,233230
238390,23,23,233240,233240
238390,23,23,233262,233262
238390,23,23,2332A0,2332A0
238390,23,23,2332D0,2332D0
238390,23,23,233411,233411
238390,23,23,233412,233412
238390,23,23,2334A0,2334A0
2389,23,23,230301,230301
2389,23,23,230302,230302
2389,23,23,233210,233210
2389,23,23,233230,233230
2389,23,23,233240,233240
2389,23,23,233262,233262
2389,23,23,2332A0,2332A0
2389,23,23,2332D0,2332D0
2389,23,23,233411,233411
2389,23,23,233412,233412
2389,23,23,2334A0,2334A0
23891,23,23,230301,230301
23891,23,23,230302,230302
23891,23,23,233210,233210
23891,23,23,233230,233230
23891,23,23,233240,233240
23891,23,23,233262,233262
23891,23,23,2332A0,2332A0
23891,23,23,2332D0,2332D0
23891,23,23,233411,233411
23891,23,23,233412,233412
23891,23,23,2334A0,2334A0
238910,23,23,230301,230301
238910,23,23,230302,230302
238910,23,23,233210,233210
238910,23,23,233230,233230
238910,23,23,233240,233240
238910,23,23,233262,233262
238910,23,23,2332A0,2332A0
238910,23,23,2332D0,2332D0
238910,23,23,233411,233411
238910,23,23,233412,233412
238910,23,23,2334A0,2334A0
23899,23,23,230301,230301
23899,23,23,230302,230302
23899,23,23,233210,233210
23899,23,23,233230,233230
23899,23,23,233240,233240
23899,23,23,233262,233262
23899,23,23,2332A0,2332A0
23899,23,23,2332D0,2332D0
23899,23,23,233411,233411
23899,23,23,233412,233412
23899,23,23,2334A0,2334A0
238990,23,23,230301,230301
238990,23,23,230302,230302
238990,23,23,233210,233210
238990,23,23,233230,233230
238990,23,23,233240,233240
238990,23,23,233262,233262
238990,23,23,2332A0,2332A0
238990,23,23,2332D0,2332D0
238990,23,23,233411,233411
238990,23,23,233412,233412
238990,23,23,2334A0,2334A0
31,31G,311FT,311111,311111
31,31G,311FT,311119,311119
31,31G,311FT,311210,311210
31,31G,311FT,311221,311221
31,31G,311FT,311224,311224
31,31G,311FT,311225,311225
31,31G,311FT,311230,311230
31,31G,311FT,311300,311300
31,31G,311FT,311410,311410
31,31G,311FT,311420,311420
31,31G,311FT,311513,311513
31,31G,311FT,311514,311514
31,31G,311FT,31151A,31151A
31,31G,311FT,311520,311520
31,31G,311FT,311615,311615
31,31G,311FT,31161A,31161A
31,31G,311FT,311700,311700
31,31G,311FT,311810,311810
31,31G,311FT,3118A0,3118A0
31,31G,311FT,311910,311910
31,31G,311FT,311920,311920
31,31G,311FT,311930,311930
31,31G,311FT,311940,311940
31,31G,311FT,311990,311990
31,31G,311FT,312110,312110
31,31G,311FT,312120,312120
31,31G,311FT,312130,312130
31,31G,311FT,312140,312140
31,31G,311FT,312200,312200
31,31G,313TT,313100,313100
31,31G,313TT,313200,313200
31,31G,313TT,313300,313300
31,31G,313TT,314110,314110
31,31G,313TT,314120,314120
31,31G,313TT,314900,314900
31,31G,315AL,315000,315000
31,31G,315AL,316000,316000
311,31G,311FT,311111,311111
311,31G,311FT,311119,311119
311,31G,311FT,311210,311210
311,31G,311FT,311221,311221
311,31G,311FT,311224,311224
311,31G,311FT,311225,311225
311,31G,311FT,311230,311230
311,31G,311FT,311300,311300
311,31G,311FT,311410,311410
311,31G,311FT,311420,311420
311,31G,311FT,311513,311513
311,31G,311FT,311514,311514
311,31G,311FT,31151A,31151A
311,31G,311FT,311520,311520
311,31G,311FT,311615,311615
311,31G,311FT,31161A,31161A
311,31G,311FT,311700,311700
311,31G,311FT,311810,311810
311,31G,311FT,3118A0,3118A0
311,31G,311FT,311910,311910
311,31G,311FT,311920,311920
311,31G,311FT,311930,311930
311,31G,311FT,311940,311940
311,31G,311FT,311990,311990
3111,31G,311FT,311111,311111
3111,31G,311FT,311119,311119
31111,31G,311FT,311111,311111
31111,31G,311FT,311119,311119
311111,31G,311FT,311111,311111
311119,31G,311FT,311119,311119
3112,31G,311FT,311210,311210
3112,31G,311FT,311221,311221
3112,31G,311FT,311224,311224
3112,31G,311FT,311225,311225
3112,31G,311FT,311230,311230
31121,31G,311FT,311210,311210
311211,31G,311FT,311210,311210
311212,31G,311FT,311210,311210
311213,31G,311FT,311210,311210
31122,31G,311FT,311221,311221
31122,31G,311FT,311224,311224
31122,31G,311FT,311225,311225
311221,31G,311FT,311221,311221
311224,31G,311FT,311224,311224
311225,31G,311FT,311225,311225
31123,31G,311FT,311230,311230
311230,31G,311FT,311230,311230
3113,31G,311FT,311300,311300
31131,31G,311FT,311300,311300
311313,31G,311FT,311300,311300
311314,31G,311FT,311300,311300
31134,31G,311FT,311300,311300
311340,31G,311FT,311300,311300
31135,31G,311FT,311300,311300
311351,31G,311FT,311300,311300
311352,31G,311FT,311300,311300
3114,31G,311FT,311410,311410
3114,31G,311FT,311420,311420
31141,31G,311FT,311410,311410
311411,31G,311FT,311410,311410
311412,31G,311FT,311410,311410
31142,31G,311FT,311420,311420
311421,31G,311FT,311420,311420
311422,31G,311FT,311420,311420
311423,31G,311FT,311420,311420
3115,31G,311FT,311513,311513
3115,31G,311FT,311514,311514
3115,31G,311FT,31151A,31151A
3115,31G,311FT,311520,311520
31151,31G,311FT,311513,311513
31151,31G,311FT,311514,311514
31151,31G,311FT,31151A,31151A
311511,31G,311FT,31151A,31151A
311512,31G,311FT,31151A,31151A
311513,31G,311FT,311513,311513
311514,31G,311FT,311514,311514
31152,31G,311FT,311520,311520
311520,31G,311FT,311520,311520
3116,31G,311FT,311615,311615
3116,31G,311FT,31161A,31161A
31161,31G,311FT,311615,311615
31161,31G,311FT,31161A,31161A
311611,31G,311FT,31161A,31161A
311612,31G,311FT,31161A,31161A
311613,31G,311FT,31161A,31161A
311615,31G,311FT,311615,311615
3117,31G,311FT,311700,311700
31171,31G,311FT,311700,311700
311710,31G,311FT,311700,311700
3118,31G,311FT,311810,311810
3118,31G,311FT,3118A0,3118A0
31181,31G,311FT,311810,311810
311811,31G,311FT,311810,311810
311812,31G,311FT,311810,311810
311813,31G,311FT,311810,311810
31182,31G,311FT,3118A0,3118A0
311821,31G,311FT,3118A0,3118A0
311824,31G,311FT,3118A0,3118A0
31183,31G,311FT,3118A0,3118A0
311830,31G,311FT,3118A0,3118A0
3119,31G,311FT,311910,311910
3119,31G,311FT,311920,311920
3119,31G,311FT,311930,311930
3119,31G,311FT,311940,311940
3119,31G,311FT,311990,311990
31191,31G,311FT,311910,311910
311911,31G,311FT,311910,311910
311919,31G,311FT,311910,311910
31192,31G,311FT,311920,311920
311920,31G,311FT,311920,311920
31193,31G,311FT,311930,311930
311930,31G,311FT,311930,311930
31194,31G,311FT,311940,311940
311941,31G,311FT,311940,311940
311942,31G,311FT,311940,311940
31199,31G,311FT,311990,311990
311991,31G,311FT,311990,311990
311999,31G,311FT,311990,311990
312,31G,311FT,312110,312110
312,31G,311FT,312120,312120
312,31G,311FT,312130,312130
312,31G,311FT,312140,312140
312,31G,311FT,312200,312200
3121,31G,311FT,312110,312110
3121,31G,311FT,312120,312120
3121,31G,311FT,312130,312130
3121,31G,311FT,312140,312140
31211,31G,311FT,312110,312110
312111,31G,311FT,312110,312110
312112,31G,311FT,312110,312110
312113,31G,311FT,312110,312110
31212,31G,311FT,312120,312120
312120,31G,311FT,312120,312120
31213,31G,311FT,312130,312130
312130,31G,311FT,312130,312130
31214,31G,311FT,312140,312140
312140,31G,311FT,312140,312140
3122,31G,311FT,312200,312200
31223,31G,311FT,312200,312200
312230,31G,311FT,312200,312200
313,31G,313TT,313100,313100
313,31G,313TT,313200,313200
313,31G,313TT,313300,313300
3131,31G,313TT,313100,313100
31311,31G,313TT,313100,313100
313110,31G,313TT,313100,313100
3132,31G,313TT,313200,313200
31321,31G,313TT,313200,313200
313210,31G,313TT,313200,313200
31322,31G,313TT,313200,313200
313220,31G,313TT,313200,313200
31323,31G,313TT,313200,313200
313230,31G,313TT,313200,313200
31324,31G,313TT,313200,313200
313240,31G,313TT,313200,313200
3133,31G,313TT,313300,313300
31331,31G,313TT,313300,313300
313310,31G,313TT,313300,313300
31332,31G,313TT,313300,313300
313320,31G,313TT,313300,313300
314,31G,313TT,314110,314110
314,31G,313TT,314120,314120
314,31G,313TT,314900,314900
3141,31G,313TT,314110,314110
3141,31G,313TT,314120,314120
31411,31G,313TT,314110,314110
314110,31G,313TT,314110,314110
31412,31G,313TT,314120,314120
314120,31G,313TT,314120,314120
3149,31G,313TT,314900,314900
31491,31G,313TT,314900,314900
314910,31G,313TT,314900,314900
31499,31G,313TT,314900,314900
314994,31G,313TT,314900,314900
314999,31G,313TT,314900,314900
315,31G,315AL,315000,315000
3151,31G,315AL,315000,315000
31511,31G,315AL,315000,315000
315110,31G,315AL,315000,315000
31519,31G,315AL,315000,315000
315190,31G,315AL,315000,315000
3152,31G,315AL,315000,315000
31521,31G,315AL,315000,315000
315210,31G,315AL,315000,315000
31522,31G,315AL,315000,315000
315220,31G,315AL,315000,315000
31524,31G,315AL,315000,315000
315240,31G,315AL,315000,315000
31528,31G,315AL,315000,315000
315280,31G,315AL,315000,315000
3159,31G,315AL,315000,315000
31599,31G,315AL,315000,315000
315990,31G,315AL,315000,315000
316,31G,315AL,316000,316000
3161,31G,315AL,316000,316000
31611,31G,315AL,316000,316000
316110,31G,315AL,316000,316000
3162,31G,315AL,316000,316000
31621,31G,315AL,316000,316000
316210,31G,315AL,316000,316000
3169,31G,315AL,316000,316000
31699,31G,315AL,316000,316000
316992,31G,315AL,316000,316000
316998,31G,315AL,316000,316000
32,31G,321,321100,321100
32,31G,321,321200,321200
32,31G,321,321910,321910
32,31G,321,3219A0,3219A0
32,31G,322,322110,322110
32,31G,322,322120,322120
32,31G,322,322130,322130
32,31G,322,322210,322210
32,31G,322,322220,322220
32,31G,322,322230,322230
32,31G,322,322291,322291
32,31G,322,322299,322299
32,31G,323,323110,323110
32,31G,323,323120,323120
32,31G,324,324110,324110
32,31G,324,324121,324121
32,31G,324,324122,324122
32,31G,324,324190,324190
32,31G,325,325110,325110
32,31G,325,325120,325120
32,31G,325,325130,325130
32,31G,325,325180,325180
32,31G,325,325190,325190
32,31G,325,325211,325211
32,31G,325,3252A0,3252A0
32,31G,325,325310,325310
32,31G,325,325320,325320
32,31G,325,325411,325411
32,31G,325,325412,325412
32,31G,325,325413,325413
32,31G,325,325414,325414
32,31G,325,325510,325510
32,31G,325,325520,325520
32,31G,325,325610,325610
32,31G,325,325620,325620
32,31G,325,325910,325910
32,31G,325,3259A0,3259A0
32,31G,326,326110,326110
32,31G,326,326120,326120
32,31G,326,326130,326130
32,31G,326,326140,326140
32,31G,326,326150,326150
32,31G,326,326160,326160
32,31G,326,326190,326190
32,31G,326,326210,326210
32,31G,326,326220,326220
32,31G,326,326290,326290
32,31G,327,327100,327100
32,31G,327,327200,327200
32,31G,327,327310,327310
32,31G,327,327320,327320
32,31G,327,327330,327330
32,31G,327,327390,327390
32,31G,327,327400,327400
32,31G,327,327910,327910
32,31G,327,327991,327991
32,31G,327,327992,327992
32,31G,327,327993,327993
32,31G,327,327999,327999
321,31G,321,321100,321100
321,31G,321,321200,321200
321,31G,321,321910,321910
321,31G,321,3219A0,3219A0
3211,31G,321,321100,321100
32111,31G,321,321100,321100
321113,31G,321,321100,321100
321114,31G,321,321100,321100
3212,31G,321,321200,321200
32121,31G,321,321200,321200
321211,31G,321,321200,321200
321212,31G,321,321200,321200
321213,31G,321,321200,321200
321214,31G,321,321200,321200
321219,31G,321,321200,321200
3219,31G,321,321910,321910
3219,31G,321,3219A0,3219A0
32191,31G,321,321910,321910
321911,31G,321,321910,321910
321912,31G,321,321910,321910
321918,31G,321,321910,321910
32192,31G,321,3219A0,3219A0
321920,31G,321,3219A0,3219A0
32199,31G,321,3219A0,3219A0
321991,31G,321,3219A0,3219A0
321992,31G,321,3219A0,3219A0
321999,31G,321,3219A0,3219A0
322,31G,322,322110,322110
322,31G,322,322120,322120
322,31G,322,322130,322130
322,31G,322,322210,322210
322,31G,322,322220,322220
322,31G,322,322230,322230
322,31G,322,322291,322291
322,31G,322,322299,322299
3221,31G,322,322110,322110
3221,31G,322,322120,322120
3221,31G,322,322130,322130
32211,31G,322,322110,322110
322110,31G,322,322110,322110
32212,31G,322,322120,322120
322121,31G,322,322120,322120
322122,31G,322,322120,322120
32213,31G,322,322130,322130
322130,31G,322,322130,322130
3222,31G,322,322210,322210
3222,31G,322,322220,322220
3222,31G,322,322230,322230
3222,31G,322,322291,322291
3222,31G,322,322299,322299
32221,31G,322,322210,322210
322211,31G,322,322210,322210
322212,31G,322,322210,322210
322219,31G,322,322210,322210
32222,31G,322,322220,322220
322220,31G,322,322220,322220
32223,31G,322,322230,322230
322230,31G,322,322230,322230
32229,31G,322,322291,322291
32229,31G,322,322299,322299
322291,31G,322,322291,322291
322299,31G,322,322299,322299
323,31G,323,323110,323110
323,31G,323,323120,323120
3231,31G,323,323110,323110
3231,31G,323,323120,323120
32311,31G,323,323110,323110
323111,31G,323,323110,323110
323113,31G,323,323110,323110
323117,31G,323,323110,323110
32312,31G,323,323120,323120
323120,31G,323,323120,323120
324,31G,324,324110,324110
324,31G,324,324121,324121
324,31G,324,324122,324122
324,31G,324,324190,324190
3241,31G,324,324110,324110
3241,31G,324,324121,324121
3241,31G,324,324122,324122
3241,31G,324,324190,324190
32411,31G,324,324110,324110
324110,31G,324,324110,324110
32412,31G,324,324121,324121
32412,31G,324,324122,324122
324121,31G,324,324121,324121
324122,31G,324,324122,324122
32419,31G,324,324190,324190
324191,31G,324,324190,324190
324199,31G,324,324190,324190
325,31G,325,325110,325110
325,31G,325,325120,325120
325,31G,325,325130,325130
325,31G,325,325180,325180
325,31G,325,325190,325190
325,31G,325,325211,325211
325,31G,325,3252A0,3252A0
325,31G,325,325310,325310
325,31G,325,325320,325320
325,31G,325,325411,325411
325,31G,325,325412,325412
325,31G,325,325413,325413
325,31G,325,325414,325414
325,31G,325,325510,325510
325,31G,325,325520,325520
325,31G,325,325610,325610
325,31G,325,325620,325620
325,31G,325,325910,325910
325,31G,325,3259A0,3259A0
3251,31G,325,325110,325110
3251,31G,325,325120,325120
3251,31G,325,325130,325130
3251,31G,325,325180,325180
3251,31G,325,325190,325190
32511,31G,325,325110,325110
325110,31G,325,325110,325110
32512,31G,325,325120,325120
325120,31G,325,325120,325120
32513,31G,325,325130,325130
325130,31G,325,325130,325130
32518,31G,325,325180,325180
325180,31G,325,325180,325180
32519,31G,325,325190,325190
325193,31G,325,325190,325190
325194,31G,325,325190,325190
325199,31G,325,325190,325190
3252,31G,325,325211,325211
3252,31G,325,3252A0,3252A0
32521,31G,325,325211,325211
32521,31G,325,3252A0,3252A0
325211,31G,325,325211,325211
325212,31G,325,3252A0,3252A0
32522,31G,325,3252A0,3252A0
325220,31G,325,3252A0,3252A0
3253,31G,325,325310,325310
3253,31G,325,325320,325320
32531,31G,325,325310,325310
325311,31G,325,325310,325310
325312,31G,325,325310,325310
325314,31G,325,325310,325310
32532,31G,325,325320,325320
325320,31G,325,325320,325320
3254,31G,325,325411,325411
3254,31G,325,325412,325412
3254,31G,325,325413,325413
3254,31G,325,325414,325414
32541,31G,325,325411,325411
32541,31G,325,325412,325412
32541,31G,325,325413,325413
32541,31G,325,325414,325414
325411,31G,325,325411,325411
325412,31G,325,325412,325412
325413,31G,325,325413,325413
325414,31G,325,325414,325414
3255,31G,325,325510,325510
3255,31G,325,325520,325520
32551,31G,325,325510,325510
325510,31G,325,325510,325510
32552,31G,325,325520,325520
325520,31G,325,325520,325520
3256,31G,325,325610,325610
3256,31G,325,325620,325620
32561,31G,325,325610,325610
325611,31G,325,325610,325610
325612,31G,325,325610,325610
325613,31G,325,325610,325610
32562,31G,325,325620,325620
325620,31G,325,325620,325620
3259,31G,325,325910,325910
3259,31G,325,3259A0,3259A0
32591,31G,325,325910,325910
325910,31G,325,325910,325910
32592,31G,325,3259A0,3259A0
325920,31G,325,3259A0,3259A0
32599,31G,325,3259A0,3259A0
325991,31G,325,3259A0,3259A0
325992,31G,325,3259A0,3259A0
325998,31G,325,3259A0,3259A0
326,31G,326,326110,326110
326,31G,326,326120,326120
326,31G,326,326130,326130
326,31G,326,326140,326140
326,31G,326,326150,326150
326,31G,326,326160,326160
326,31G,326,326190,326190
326,31G,326,326210,326210
326,31G,326,326220,326220
326,31G,326,326290,326290
3261,31G,326,326110,326110
3261,31G,326,326120,326120
3261,31G,326,326130,326130
3261,31G,326,326140,326140
3261,31G,326,326150,326150
3261,31G,326,326160,326160
3261,31G,326,326190,326190
32611,31G,326,326110,326110
326111,31G,326,326110,326110
326112,31G,326,326110,326110
326113,31G,326,326110,326110
32612,31G,326,326120,326120
326121,31G,326,326120,326120
326122,31G,326,326120,326120
32613,31G,326,326130,326130
326130,31G,326,326130,326130
32614,31G,326,326140,326140
326140,31G,326,326140,326140
32615,31G,326,326150,326150
326150,31G,326,326150,326150
32616,31G,326,326160,326160
326160,31G,326,326160,326160
32619,31G,326,326190,326190
326191,31G,326,326190,326190
326199,31G,326,326190,326190
3262,31G,326,326210,326210
3262,31G,326,326220,326220
3262,31G,326,326290,326290
32621,31G,326,326210,326210
326211,31G,326,326210,326210
326212,31G,326,326210,326210
32622,31G,326,326220,326220
326220,31G,326,326220,326220
32629,31G,326,326290,326290
326291,31G,326,326290,326290
326299,31G,326,326290,326290
327,31G,327,327100,327100
327,31G,327,327200,327200
327,31G,327,327310,327310
327,31G,327,327320,327320
327,31G,327,327330,327330
327,31G,327,327390,327390
327,31G,327,327400,327400
327,31G,327,327910,327910
327,31G,327,327991,327991
327,31G,327,327992,327992
327,31G,327,327993,327993
327,31G,327,327999,327999
3271,31G,327,327100,327100
32711,31G,327,327100,327100
327110,31G,327,327100,327100
32712,31G,327,327100,327100
327120,31G,327,327100,327100
3272,31G,327,327200,327200
32721,31G,327,327200,327200
327211,31G,327,327200,327200
327212,31G,327,327200,327200
327213,31G,327,327200,327200
327215,31G,327,327200,327200
3273,31G,327,327310,327310
3273,31G,327,327320,327320
3273,31G,327,327330,327330
3273,31G,327,327390,327390
32731,31G,327,327310,327310
327310,31G,327,327310,327310
32732,31G,327,327320,327320
327320,31G,327,327320,327320
32733,31G,327,327330,327330
327331,31G,327,327330,327330
327332,31G,327,327330,327330
32739,31G,327,327390,327390
327390,31G,327,327390,327390
3274,31G,327,327400,327400
32741,31G,327,327400,327400
327410,31G,327,327400,327400
32742,31G,327,327400,327400
327420,31G,327,327400,327400
3279,31G,327,327910,327910
3279,31G,327,327991,327991
3279,31G,327,327992,327992
3279,31G,327,327993,327993
3279,31G,327,327999,327999
32791,31G,327,327910,327910
327910,31G,327,327910,327910
32799,31G,327,327991,327991
32799,31G,327,327992,327992
32799,31G,327,327993,327993
32799,31G,327,327999,327999
327991,31G,327,327991,327991
327992,31G,327,327992,327992
327993,31G,327,327993,327993
327999,31G,327,327999,327999
33,31G,331,331110,331110
33,31G,331,331200,331200
33,31G,331,331313,331313
33,31G,331,331314,331314
33,31G,331,33131B,33131B
33,31G,331,331410,331410
33,31G,331,331420,331420
33,31G,331,331490,331490
33,31G,331,331510,331510
33,31G,331,331520,331520
33,31G,332,332114,332114
33,31G,332,332119,332119
33,31G,332,33211A,33211A
33,31G,332,332200,332200
33,31G,332,332310,332310
33,31G,332,332320,332320
33,31G,332,332410,332410
33,31G,332,332420,332420
33,31G,332,332430,332430
33,31G,332,332500,332500
33,31G,332,332600,332600
33,31G,332,332710,332710
33,31G,332,332720,332720
33,31G,332,332800,332800
33,31G,332,332913,332913
33,31G,332,33291A,33291A
33,31G,332,332991,332991
33,31G,332,332996,332996
33,31G,332,332999,332999
33,31G,332,33299A,33299A
33,31G,333,333111,333111
33,31G,333,333112,333112
33,31G,333,333120,333120
33,31G,333,333130,333130
33,31G,333,333242,333242
33,31G,333,33329A,33329A
33,31G,333,333314,333314
33,31G,333,333316,333316
33,31G,333,333318,333318
33,31G,333,333413,333413
33,31G,333,333414,333414
33,31G,333,333415,333415
33,31G,333,333511,333511
33,31G,333,333514,333514
33,31G,333,333517,333517
33,31G,333,33351B,33351B
33,31G,333,333611,333611
33,31G,333,333612,333612
33,31G,333,333613,333613
33,31G,333,333618,333618
33,31G,333,333912,333912
33,31G,333,333914,333914
33,31G,333,333920,333920
33,31G,333,333991,333991
33,31G,333,333993,333993
33,31G,333,333994,333994
33,31G,333,33399A,33399A
33,31G,333,33399B,33399B
33,31G,334,334111,334111
33,31G,334,334112,334112
33,31G,334,334118,334118
33,31G,334,334210,334210
33,31G,334,334220,334220
33,31G,334,334290,334290
33,31G,334,334300,334300
33,31G,334,334413,334413
33,31G,334,334418,334418
33,31G,334,33441A,33441A
33,31G,334,334510,334510
33,31G,334,334511,334511
33,31G,334,334512,334512
33,31G,334,334513,334513
33,31G,334,334514,334514
33,31G,334,334515,334515
33,31G,334,334516,334516
33,31G,334,334517,334517
33,31G,334,33451A,33451A
33,31G,334,334610,334610
33,31G,335,335110,335110
33,31G,335,335120,335120
33,31G,335,335210,335210
33,31G,335,335220,335220
33,31G,335,335311,335311
33,31G,335,335312,335312
33,31G,335,335313,335313
33,31G,335,335314,335314
33,31G,335,335911,335911
33,31G,335,335912,335912
33,31G,335,335920,335920
33,31G,335,335930,335930
33,31G,335,335991,335991
33,31G,335,335999,335999
33,31G,3361MV,336111,336111
33,31G,3361MV,336112,336112
33,31G,3361MV,336120,336120
33,31G,3361MV,336211,336211
33,31G,3361MV,336212,336212
33,31G,3361MV,336213,336213
33,31G,3361MV,336214,336214
33,31G,3361MV,336310,336310
33,31G,3361MV,336320,336320
33,31G,3361MV,336350,336350
33,31G,3361MV,336360,336360
33,31G,3361MV,336370,336370
33,31G,3361MV,336390,336390
33,31G,3361MV,3363A0,3363A0
33,31G,3364OT,336411,336411
33,31G,3364OT,336412,336412
33,31G,3364OT,336413,336413
33,31G,3364OT,336414,336414
33,31G,3364OT,33641A,33641A
33,31G,3364OT,336500,336500
33,31G,3364OT,336611,336611
33,31G,3364OT,336612,336612
33,31G,3364OT,336991,336991
33,31G,3364OT,336992,336992
33,31G,3364OT,336999,336999
33,31G,337,337110,337110
33,31G,337,337121,337121
33,31G,337,337122,337122
33,31G,337,337127,337127
33,31G,337,33712N,33712N
33,31G,337,337215,337215
33,31G,337,33721A,33721A
33,31G,337,337900,337900
33,31G,339,339112,339112
33,31G,339,339113,339113
33,31G,339,339114,339114
33,31G,339,339115,339115
33,31G,339,339116,339116
33,31G,339,339910,339910
33,31G,339,339920,339920
33,31G,339,339930,339930
33,31G,339,339940,339940
33,31G,339,339950,339950
33,31G,339,339990,339990
331,31G,331,331110,331110
331,31G,331,331200,331200
331,31G,331,331313,331313
331,31G,331,331314,331314
331,31G,331,33131B,33131B
331,31G,331,331410,331410
331,31G,331,331420,331420
331,31G,331,331490,331490
331,31G,331,331510,331510
331,31G,331,331520,331520
3311,31G,331,331110,331110
33111,31G,331,331110,331110
331110,31G,331,331110,331110
3312,31G,331,331200,331200
33121,31G,331,331200,331200
331210,31G,331,331200,331200
33122,31G,331,331200,331200
331221,31G,331,331200,331200
331222,31G,331,331200,331200
3313,31G,331,331313,331313
3313,31G,331,331314,331314
3313,31G,331,33131B,33131B
33131,31G,331,331313,331313
33131,31G,331,331314,331314
33131,31G,331,33131B,33131B
331313,31G,331,331313,331313
331314,31G,331,331314,331314
331315,31G,331,33131B,33131B
331318,31G,331,33131B,33131B
3314,31G,331,331410,331410
3314,31G,331,331420,331420
3314,31G,331,331490,331490
33141,31G,331,331410,331410
331410,31G,331,331410,331410
33142,31G,331,331420,331420
331420,31G,331,331420,331420
33149,31G,331,331490,331490
331491,31G,331,331490,331490
331492,31G,331,331490,331490
3315,31G,331,331510,331510
3315,31G,331,331520,331520
33151,31G,331,331510,331510
331511,31G,331,331510,331510
331512,31G,331,331510,331510
331513,31G,331,331510,331510
33152,31G,331,331520,331520
331523,31G,331,331520,331520
331524,31G,331,331520,331520
331529,31G,331,331520,331520
332,31G,332,332114,332114
332,31G,332,332119,332119
332,31G,332,33211A,33211A
332,31G,332,332200,332200
332,31G,332,332310,332310
332,31G,332,332320,332320
332,31G,332,332410,332410
332,31G,332,332420,332420
332,31G,332,332430,332430
332,31G,332,332500,332500
332,31G,332,332600,332600
332,31G,332,332710,332710
332,31G,332,332720,332720
332,31G,332,332800,332800
332,31G,332,332913,332913
332,31G,332,33291A,33291A
332,31G,332,332991,332991
332,31G,332,332996,332996
332,31G,332,332999,332999
332,31G,332,33299A,33299A
3321,31G,332,332114,332114
3321,31G,332,332119,332119
3321,31G,332,33211A,33211A
33211,31G,332,332114,332114
33211,31G,332,332119,332119
33211,31G,332,33211A,33211A
332111,31G,332,33211A,33211A
332112,31G,332,33211A,33211A
332114,31G,332,332114,332114
332117,31G,332,33211A,33211A
332119,31G,332,332119,332119
3322,31G,332,332200,332200
33221,31G,332,332200,332200
332215,31G,332,332200,332200
332216,31G,332,332200,332200
3323,31G,332,332310,332310
3323,31G,332,332320,332320
33231,31G,332,332310,332310
332311,31G,332,332310,332310
332312,31G,332,332310,332310
332313,31G,332,332310,332310
33232,31G,332,332320,332320
332321,31G,332,332320,332320
332322,31G,332,332320,332320
332323,31G,332,332320,332320
3324,31G,332,332410,332410
3324,31G,332,332420,332420
3324,31G,332,332430,332430
33241,31G,332,332410,332410
332410,31G,332,332410,332410
33242,31G,332,332420,332420
332420,31G,332,332420,332420
33243,31G,332,332430,332430
332431,31G,332,332430,332430
332439,31G,332,332430,332430
3325,31G,332,332500,332500
33251,31G,332,332500,332500
332510,31G,332,332500,332500
3326,31G,332,332600,332600
33261,31G,332,332600,332600
332613,31G,332,332600,332600
332618,31G,332,332600,332600
3327,31G,332,332710,332710
3327,31G,332,332720,332720
33271,31G,332,332710,332710
332710,31G,332,332710,332710
33272,31G,332,332720,332720
332721,31G,332,332720,332720
332722,31G,332,332720,332720
3328,31G,332,332800,332800
33281,31G,332,332800,332800
332811,31G,332,332800,332800
332812,31G,332,332800,332800
332813,31G,332,332800,332800
3329,31G,332,332913,332913
3329,31G,332,33291A,33291A
3329,31G,332,332991,332991
3329,31G,332,332996,332996
3329,31G,332,332999,332999
3329,31G,332,33299A,33299A
33291,31G,332,332913,332913
33291,31G,332,33291A,33291A
332911,31G,332,33291A,33291A
332912,31G,332,33291A,33291A
332913,31G,332,332913,332913
332919,31G,332,33291A,33291A
33299,31G,332,332991,332991
33299,31G,332,332996,332996
33299,31G,332,332999,332999
33299,31G,332,33299A,33299A
332991,31G,332,332991,332991
332992,31G,332,33299A,33299A
332993,31G,332,33299A,33299A
332994,31G,332,33299A,33299A
332996,31G,332,332996,332996
332999,31G,332,332999,332999
333,31G,333,333111,333111
333,31G,333,333112,333112
333,31G,333,333120,333120
333,31G,333,333130,333130
333,31G,333,333242,333242
333,31G,333,33329A,33329A
333,31G,333,333314,333314
333,31G,333,333316,333316
333,31G,333,333318,333318
333,31G,333,333413,333413
333,31G,333,333414,333414
333,31G,333,333415,333415
333,31G,333,333511,333511
333,31G,333,333514,333514
333,31G,333,333517,333517
333,31G,333,33351B,33351B
333,31G,333,333611,333611
333,31G,333,333612,333612
333,31G,333,333613,333613
333,31G,333,333618,333618
333,31G,333,333912,333912
333,31G,333,333914,333914
333,31G,333,333920,333920
333,31G,333,333991,333991
333,31G,333,333993,333993
333,31G,333,333994,333994
333,31G,333,33399A,33399A
333,31G,333,33399B,33399B
3331,31G,333,333111,333111
3331,31G,333,333112,333112
3331,31G,333,333120,333120
3331,31G,333,333130,333130
33311,31G,333,333111,333111
33311,31G,333,333112,333112
333111,31G,333,333111,333111
333112,31G,333,333112,333112
33312,31G,333,333120,333120
333120,31G,333,333120,333120
33313,31G,333,333130,333130
333131,31G,333,333130,333130
333132,31G,333,333130,333130
3332,31G,333,333242,333242
3332,31G,333,33329A,33329A
33324,31G,333,333242,333242
33324,31G,333,33329A,33329A
333241,31G,333,33329A,33329A
333242,31G,333,333242,333242
333243,31G,333,33329A,33329A
333244,31G,333,33329A,33329A
333249,31G,333,33329A,33329A
3333,31G,333,333314,333314
3333,31G,333,333316,333316
3333,31G,333,333318,333318
33331,31G,333,333314,333314
33331,31G,333,333316,333316
33331,31G,333,333318,333318
333314,31G,333,333314,333314
333316,31G,333,333316,333316
333318,31G,333,333318,333318
3334,31G,333,333413,333413
3334,31G,333,333414,333414
3334,31G,333,333415,333415
33341,31G,333,333413,333413
33341,31G,333,333414,333414
33341,31G,333,333415,333415
333413,31G,333,333413,333413
333414,31G,333,333414,333414
333415,31G,333,333415,333415
3335,31G,333,333511,333511
3335,31G,333,333514,333514
3335,31G,333,333517,333517
3335,31G,333,33351B,33351B
33351,31G,333,333511,333511
33351,31G,333,333514,333514
33351,31G,333,333517,333517
33351,31G,333,33351B,33351B
333511,31G,333,333511,333511
333514,31G,333,333514,333514
333515,31G,333,33351B,33351B
333517,31G,333,333517,333517
333519,31G,333,33351B,33351B
3336,31G,333,333611,333611
3336,31G,333,333612,333612
3336,31G,333,333613,333613
3336,31G,333,333618,333618
33361,31G,333,333611,333611
33361,31G,333,333612,333612
33361,31G,333,333613,333613
33361,31G,333,333618,333618
333611,31G,333,333611,333611
333612,31G,333,333612,333612
333613,31G,333,333613,333613
333618,31G,333,333618,333618
3339,31G,333,333912,333912
3339,31G,333,333914,333914
3339,31G,333,333920,333920
3339,31G,333,333991,333991
3339,31G,333,333993,333993
3339,31G,333,333994,333994
3339,31G,333,33399A,33399A
3339,31G,333,33399B,33399B
33391,31G,333,333912,333912
33391,31G,333,333914,333914
333912,31G,333,333912,333912
333914,31G,333,333914,333914
33392,31G,333,333920,333920
333921,31G,333,333920,333920
333922,31G,333,333920,333920
333923,31G,333,333920,333920
333924,31G,333,333920,333920
33399,31G,333,333991,333991
33399,31G,333,333993,333993
33399,31G,333,333994,333994
33399,31G,333,33399A,33399A
33399,31G,333,33399B,33399B
333991,31G,333,333991,333991
333992,31G,333,33399A,33399A
333993,31G,333,333993,333993
333994,31G,333,333994,333994
333995,31G,333,33399B,33399B
333996,31G,333,33399B,33399B
333997,31G,333,33399A,33399A
333999,31G,333,33399A,33399A
334,31G,334,334111,334111
334,31G,334,334112,334112
334,31G,334,334118,334118
334,31G,334,334210,334210
334,31G,334,334220,334220
334,31G,334,334290,334290
334,31G,334,334300,334300
334,31G,334,334413,334413
334,31G,334,334418,334418
334,31G,334,33441A,33441A
334,31G,334,334510,334510
334,31G,334,334511,334511
334,31G,334,334512,334512
334,31G,334,334513,334513
334,31G,334,334514,334514
334,31G,334,334515,334515
334,31G,334,334516,334516
334,31G,334,334517,334517
334,31G,334,33451A,33451A
334,31G,334,334610,334610
3341,31G,334,334111,334111
3341,31G,334,334112,334112
3341,31G,334,334118,334118
33411,31G,334,334111,334111
33411,31G,334,334112,334112
33411,31G,334,334118,334118
334111,31G,334,334111,334111
334112,31G,334,334112,334112
334118,31G,334,334118,334118
3342,31G,334,334210,334210
3342,31G,334,334220,334220
3342,31G,334,334290,334290
33421,31G,334,334210,334210
334210,31G,334,334210,334210
33422,31G,334,334220,334220
334220,31G,334,334220,334220
33429,31G,334,334290,334290
334290,31G,334,334290,334290
3343,31G,334,334300,334300
33431,31G,334,334300,334300
334310,31G,334,334300,334300
3344,31G,334,334413,334413
3344,31G,334,334418,334418
3344,31G,334,33441A,33441A
33441,31G,334,334413,334413
33441,31G,334,334418,334418
33441,31G,334,33441A,33441A
334412,31G,334,33441A,33441A
334413,31G,334,334413,334413
334416,31G,334,33441A,33441A
334417,31G,334,33441A,33441A
334418,31G,334,334418,334418
334419,31G,334,33441A,33441A
3345,31G,334,334510,334510
3345,31G,334,334511,334511
3345,31G,334,334512,334512
3345,31G,334,334513,334513
3345,31G,334,334514,334514
3345,31G,334,334515,334515
3345,31G,334,334516,334516
3345,31G,334,334517,334517
3345,31G,334,33451A,33451A
33451,31G,334,334510,334510
33451,31G,334,334511,334511
33451,31G,334,334512,334512
33451,31G,334,334513,334513
33451,31G,334,334514,334514
33451,31G,334,334515,334515
33451,31G,334,334516,334516
33451,31G,334,334517,334517
33451,31G,334,33451A,33451A
334510,31G,334,334510,334510
334511,31G,334,334511,334511
334512,31G,334,334512,334512
334513,31G,334,334513,334513
334514,31G,334,334514,334514
334515,31G,334,334515,334515
334516,31G,334,334516,334516
334517,31G,334,334517,334517
334519,31G,334,33451A,33451A
3346,31G,334,334610,334610
33461,31G,334,334610,334610
334613,31G,334,334610,334610
334614,31G,334,334610,334610
335,31G,335,335110,335110
335,31G,335,335120,335120
335,31G,335,335210,335210
335,31G,335,335220,335220
335,31G,335,335311,335311
335,31G,335,335312,335312
335,31G,335,335313,335313
335,31G,335,335314,335314
335,31G,335,335911,335911
335,31G,335,335912,335912
335,31G,335,335920,335920
335,31G,335,335930,335930
335,31G,335,335991,335991
335,31G,335,335999,335999
3351,31G,335,335110,335110
3351,31G,335,335120,335120
33511,31G,335,335110,335110
335110,31G,335,335110,335110
33512,31G,335,335120,335120
335121,31G,335,335120,335120
335122,31G,335,335120,335120
335129,31G,335,335120,335120
3352,31G,335,335210,335210
3352,31G,335,335220,335220
33521,31G,335,335210,335210
335210,31G,335,335210,335210
33522,31G,335,335220,335220
335220,31G,335,335220,335220
3353,31G,335,335311,335311
3353,31G,335,335312,335312
3353,31G,335,335313,335313
3353,31G,335,335314,335314
33531,31G,335,335311,335311
33531,31G,335,335312,335312
33531,31G,335,335313,335313
33531,31G,335,335314,335314
335311,31G,335,335311,335311
335312,31G,335,335312,335312
335313,31G,335,335313,335313
335314,31G,335,335314,335314
3359,31G,335,335911,335911
3359,31G,335,335912,335912
3359,31G,335,335920,335920
3359,31G,335,335930,335930
3359,31G,335,335991,335991
3359,31G,335,335999,335999
33591,31G,335,335911,335911
33591,31G,335,335912,335912
335911,31G,335,335911,335911
335912,31G,335,335912,335912
33592,31G,335,335920,335920
335921,31G,335,335920,335920
335929,31G,335,335920,335920
33593,31G,335,335930,335930
335931,31G,335,335930,335930
335932,31G,335,335930,335930
33599,31G,335,335991,335991
33599,31G,335,335999,335999
335991,31G,335,335991,335991
335999,31G,335,335999,335999
336,31G,3361MV,336111,336111
336,31G,3361MV,336112,336112
336,31G,3361MV,336120,336120
336,31G,3361MV,336211,336211
336,31G,3361MV,336212,336212
336,31G,3361MV,336213,336213
336,31G,3361MV,336214,336214
336,31G,3361MV,336310,336310
336,31G,3361MV,336320,336320
336,31G,3361MV,336350,336350
336,31G,3361MV,336360,336360
336,31G,3361MV,336370,336370
336,31G,3361MV,336390,336390
336,31G,3361MV,3363A0,3363A0
336,31G,3364OT,336411,336411
336,31G,3364OT,336412,336412
336,31G,3364OT,336413,336413
336,31G,3364OT,336414,336414
336,31G,3364OT,33641A,33641A
336,31G,3364OT,336500,336500
336,31G,3364OT,336611,336611
336,31G,3364OT,336612,336612
336,31G,3364OT,336991,336991
336,31G,3364OT,336992,336992
336,31G,3364OT,336999,336999
3361,31G,3361MV,336111,336111
3361,31G,3361MV,336112,336112
3361,31G,3361MV,336120,336120
33611,31G,3361MV,336111,336111
33611,31G,3361MV,336112,336112
336111,31G,3361MV,336111,336111
336112,31G,3361MV,336112,336112
33612,31G,3361MV,336120,336120
336120,31G,3361MV,336120,336120
3362,31G,3361MV,336211,336211
3362,31G,3361MV,336212,336212
3362,31G,3361MV,336213,336213
3362,31G,3361MV,336214,336214
33621,31G,3361MV,336211,336211
33621,31G,3361MV,336212,336212
33621,31G,3361MV,336213,336213
33621,31G,3361MV,336214,336214
336211,31G,3361MV,336211,336211
336212,31G,3361MV,336212,336212
336213,31G,3361MV,336213,336213
336214,31G,3361MV,336214,336214
3363,31G,3361MV,336310,336310
3363,31G,3361MV,336320,336320
3363,31G,3361MV,336350,336350
3363,31G,3361MV,336360,336360
3363,31G,3361MV,336370,336370
3363,31G,3361MV,336390,336390
3363,31G,3361MV,3363A0,3363A0
33631,31G,3361MV,336310,336310
336310,31G,3361MV,336310,336310
33632,31G,3361MV,336320,336320
336320,31G,3361MV,336320,336320
33633,31G,3361MV,3363A0,3363A0
336330,31G,3361MV,3363A0,3363A0
33634,31G,3361MV,3363A0,3363A0
336340,31G,3361MV,3363A0,3363A0
33635,31G,3361MV,336350,336350
336350,31G,3361MV,336350,336350
33636,31G,3361MV,336360,336360
336360,31G,3361MV,336360,336360
33637,31G,3361MV,336370,336370
336370,31G,3361MV,336370,336370
33639,31G,3361MV,336390,336390
336390,31G,3361MV,336390,336390
3364,31G,3364OT,336411,336411
3364,31G,3364OT,336412,336412
3364,31G,3364OT,336413,336413
3364,31G,3364OT,336414,336414
3364,31G,3364OT,33641A,33641A
33641,31G,3364OT,336411,336411
33641,31G,3364OT,336412,336412
33641,31G,3364OT,336413,336413
33641,31G,3364OT,336414,336414
33641,31G,3364OT,33641A,33641A
336411,31G,3364OT,336411,336411
336412,31G,3364OT,336412,336412
336413,31G,3364OT,336413,336413
336414,31G,3364OT,336414,336414
336415,31G,3364OT,33641A,33641A
336419,31G,3364OT,33641A,33641A
3365,31G,3364OT,336500,336500
33651,31G,3364OT,336500,336500
336510,31G,3364OT,336500,336500
3366,31G,3364OT,336611,336611
3366,31G,3364OT,336612,336612
33661,31G,3364OT,336611,336611
33661,31G,3364OT,336612,336612
336611,31G,3364OT,336611,336611
336612,31G,3364OT,336612,336612
3369,31G,3364OT,336991,336991
3369,31G,3364OT,336992,336992
3369,31G,3364OT,336999,336999
33699,31G,3364OT,336991,336991
33699,31G,3364OT,336992,336992
33699,31G,3364OT,336999,336999
336991,31G,3364OT,336991,336991
336992,31G,3364OT,336992,336992
336999,31G,3364OT,336999,336999
337,31G,337,337110,337110
337,31G,337,337121,337121
337,31G,337,337122,337122
337,31G,337,337127,337127
337,31G,337,33712N,33712N
337,31G,337,337215,337215
337,31G,337,33721A,33721A
337,31G,337,337900,337900
3371,31G,337,337110,337110
3371,31G,337,337121,337121
3371,31G,337,337122,337122
3371,31G,337,337127,337127
3371,31G,337,33712N,33712N
33711,31G,337,337110,337110
337110,31G,337,337110,337110
33712,31G,337,337121,337121
33712,31G,337,337122,337122
33712,31G,337,337127,337127
33712,31G,337,33712N,33712N
337121,31G,337,337121,337121
337122,31G,337,337122,337122
337124,31G,337,33712N,33712N
337125,31G,337,33712N,33712N
337127,31G,337,337127,337127
3372,31G,337,337215,337215
3372,31G,337,33721A,33721A
33721,31G,337,337215,337215
33721,31G,337,33721A,33721A
337211,31G,337,33721A,33721A
337212,31G,337,33721A,33721A
337214,31G,337,33721A,33721A
337215,31G,337,337215,337215
3379,31G,337,337900,337900
33791,31G,337,337900,337900
337910,31G,337,337900,337900
33792,31G,337,337900,337900
337920,31G,337,337900,337900
339,31G,339,339112,339112
339,31G,339,339113,339113
339,31G,339,339114,339114
339,31G,339,339115,339115
339,31G,339,339116,339116
339,31G,339,339910,339910
339,31G,339,339920,339920
339,31G,339,339930,339930
339,31G,339,339940,339940
339,31G,339,339950,339950
339,31G,339,339990,339990
3391,31G,339,339112,339112
3391,31G,339,339113,339113
3391,31G,339,339114,339114
3391,31G,339,339115,339115
3391,31G,339,339116,339116
33911,31G,339,339112,339112
33911,31G,339,339113,339113
33911,31G,339,339114,339114
33911,31G,339,339115,339115
33911,31G,339,339116,339116
339112,31G,339,339112,339112
339113,31G,339,339113,339113
339114,31G,339,339114,339114
339115,31G,339,339115,339115
339116,31G,339,339116,339116
3399,31G,339,339910,339910
3399,31G,339,339920,339920
3399,31G,339,339930,339930
3399,31G,339,339940,339940
3399,31G,339,339950,339950
3399,31G,339,339990,339990
33991,31G,339,339910,339910
339910,31G,339,339910,339910
33992,31G,339,339920,339920
339920,31G,339,339920,339920
33993,31G,339,339930,339930
339930,31G,339,339930,339930
33994,31G,339,339940,339940
339940,31G,339,339940,339940
33995,31G,339,339950,339950
339950,31G,339,339950,339950
33999,31G,339,339990,339990
339991,31G,339,339990,339990
339992,31G,339,339990,339990
339993,31G,339,339990,339990
339994,31G,339,339990,339990
339995,31G,339,339990,339990
339999,31G,339,339990,339990
42,42,42,423100,423100
42,42,42,423400,423400
42,42,42,423600,423600
42,42,42,423800,423800
42,42,42,423A00,423A00
42,42,42,424200,424200
42,42,42,424400,424400
42,42,42,424700,424700
42,42,42,424A00,424A00
42,42,42,425000,425000
423,42,42,423100,423100
423,42,42,423400,423400
423,42,42,423600,423600
423,42,42,423800,423800
423,42,42,423A00,423A00
4231,42,42,423100,423100
42311,42,42,423100,423100
423110,42,42,423100,423100
42312,42,42,423100,423100
423120,42,42,423100,423100
42313,42,42,423100,423100
423130,42,42,423100,423100
42314,42,42,423100,423100
423140,42,42,423100,423100
4232,42,42,423A00,423A00
42321,42,42,423A00,423A00
423210,42,42,423A00,423A00
42322,42,42,423A00,423A00
423220,42,42,423A00,423A00
4233,42,42,423A00,423A00
42331,42,42,423A00,423A00
423310,42,42,423A00,423A00
42332,42,42,423A00,423A00
423320,42,42,423A00,423A00
42333,42,42,423A00,423A00
423330,42,42,423A00,423A00
42339,42,42,423A00,423A00
423390,42,42,423A00,423A00
4234,42,42,423400,423400
42341,42,42,423400,423400
423410,42,42,423400,423400
42342,42,42,423400,423400
423420,42,42,423400,423400
42343,42,42,423400,423400
423430,42,42,423400,423400
42344,42,42,423400,423400
423440,42,42,423400,423400
42345,42,42,423400,423400
423450,42,42,423400,423400
42346,42,42,423400,423400
423460,42,42,423400,423400
42349,42,42,423400,423400
423490,42,42,423400,423400
4235,42,42,423A00,423A00
42351,42,42,423A00,423A00
423510,42,42,423A00,423A00
42352,42,42,423A00,423A00
423520,42,42,423A00,423A00
4236,42,42,423600,423600
42361,42,42,423600,423600
423610,42,42,423600,423600
42362,42,42,423600,423600
423620,42,42,423600,423600
42369,42,42,423600,423600
423690,42,42,423600,423600
4237,42,42,423A00,423A00
42371,42,42,423A00,423A00
423710,42,42,423A00,423A00
42372,42,42,423A00,423A00
423720,42,42,423A00,423A00
42373,42,42,423A00,423A00
423730,42,42,423A00,423A00
42374,42,42,423A00,423A00
423740,42,42,423A00,423A00
4238,42,42,423800,423800
42381,42,42,423800,423800
423810,42,42,423800,423800
42382,42,42,423800,423800
423820,42,42,423800,423800
42383,42,42,423800,423800
423830,42,42,423800,423800
42384,42,42,423800,423800
423840,42,42,423800,423800
42385,42,42,423800,423800
423850,42,42,423800,423800
42386,42,42,423800,423800
423860,42,42,423800,423800
4239,42,42,423A00,423A00
42391,42,42,423A00,423A00
423910,42,42,423A00,423A00
42392,42,42,423A00,423A00
423920,42,42,423A00,423A00
42393,42,42,423A00,423A00
423930,42,42,423A00,423A00
42394,42,42,423A00,423A00
423940,42,42,423A00,423A00
42399,42,42,423A00,423A00
423990,42,42,423A00,423A00
424,42,42,424200,424200
424,42,42,424400,424400
424,42,42,424700,424700
424,42,42,424A00,424A00
4241,42,42,424A00,424A00
42411,42,42,424A00,424A00
424110,42,42,424A00,424A00
42412,42,42,424A00,424A00
424120,42,42,424A00,424A00
42413,42,42,424A00,424A00
424130,42,42,424A00,424A00
4242,42,42,424200,424200
42421,42,42,424200,424200
424210,42,42,424200,424200
4243,42,42,424A00,424A00
42431,42,42,424A00,424A00
424310,42,42,424A00,424A00
42432,42,42,424A00,424A00
424320,42,42,424A00,424A00
42433,42,42,424A00,424A00
424330,42,42,424A00,424A00
42434,42,42,424A00,424A00
424340,42,42,424A00,424A00
4244,42,42,424400,424400
42441,42,42,424400,424400
424410,42,42,424400,424400
42442,42,42,424400,424400
424420,42,42,424400,424400
42443,42,42,424400,424400
424430,42,42,424400,424400
42444,42,42,424400,424400
424440,42,42,424400,424400
42445,42,42,424400,424400
424450,42,42,424400,424400
42446,42,42,424400,424400
424460,42,42,424400,424400
42447,42,42,424400,424400
424470,42,42,424400,424400
42448,42,42,424400,424400
424480,42,42,424400,424400
42449,42,42,424400,424400
424490,42,42,424400,424400
4245,42,42,424A00,424A00
42451,42,42,424A00,424A00
424510,42,42,424A00,424A00
42452,42,42,424A00,424A00
424520,42,42,424A00,424A00
42459,42,42,424A00,424A00
424590,42,42,424A00,424A00
4246,42,42,424A00,424A00
42461,42,42,424A00,424A00
424610,42,42,424A00,424A00
42469,42,42,424A00,424A00
424690,42,42,424A00,424A00
4247,42,42,424700,424700
42471,42,42,424700,424700
424710,42,42,424700,424700
42472,42,42,424700,424700
424720,42,42,424700,424700
4248,42,42,424A00,424A00
42481,42,42,424A00,424A00
424810,42,42,424A00,424A00
42482,42,42,424A00,424A00
424820,42,42,424A00,424A00
4249,42,42,424A00,424A00
42491,42,42,424A00,424A00
424910,42,42,424A00,424A00
42492,42,42,424A00,424A00
424920,42,42,424A00,424A00
42493,42,42,424A00,424A00
424930,42,42,424A00,424A00
42494,42,42,424A00,424A00
424940,42,42,424A00,424A00
42495,42,42,424A00,424A00
424950,42,42,424A00,424A00
42499,42,42,424A00,424A00
424990,42,42,424A00,424A00
425,42,42,425000,425000
4251,42,42,425000,425000
42511,42,42,425000,425000
425110,42,42,425000,425000
42512,42,42,425000,425000
425120,42,42,425000,425000
44,44RT,441,441000,441000
44,44RT,4A0,444000,444000
44,44RT,445,445000,445000
44,44RT,4A0,446000,446000
44,44RT,4A0,447000,447000
44,44RT,4A0,448000,448000
44,44RT,4A0,4B0000,4B0000
441,44RT,441,441000,441000
4411,44RT,441,441000,441000
44111,44RT,441,441000,441000
441110,44RT,441,441000,441000
44112,44RT,441,441000,441000
441120,44RT,441,441000,441000
4412,44RT,441,441000,441000
44121,44RT,441,441000,441000
441210,44RT,441,441000,441000
44122,44RT,441,441000,441000
441222,44RT,441,441000,441000
441228,44RT,441,441000,441000
4413,44RT,441,441000,441000
44131,44RT,441,441000,441000
441310,44RT,441,441000,441000
44132,44RT,441,441000,441000
441320,44RT,441,441000,441000
442,44RT,4A0,4B0000,4B0000
4421,44RT,4A0,4B0000,4B0000
44211,44RT,4A0,4B0000,4B0000
442110,44RT,4A0,4B0000,4B0000
4422,44RT,4A0,4B0000,4B0000
44221,44RT,4A0,4B0000,4B0000
442210,44RT,4A0,4B0000,4B0000
44229,44RT,4A0,4B0000,4B0000
442291,44RT,4A0,4B0000,4B0000
442299,44RT,4A0,4B0000,4B0000
443,44RT,4A0,4B0000,4B0000
4431,44RT,4A0,4B0000,4B0000
44314,44RT,4A0,4B0000,4B0000
443141,44RT,4A0,4B0000,4B0000
443142,44RT,4A0,4B0000,4B0000
444,44RT,4A0,444000,444000
4441,44RT,4A0,444000,444000
44411,44RT,4A0,444000,444000
444110,44RT,4A0,444000,444000
44412,44RT,4A0,444000,444000
444120,44RT,4A0,444000,444000
44413,44RT,4A0,444000,444000
444130,44RT,4A0,444000,444000
44419,44RT,4A0,444000,444000
444190,44RT,4A0,444000,444000
4442,44RT,4A0,444000,444000
44421,44RT,4A0,444000,444000
444210,44RT,4A0,444000,444000
44422,44RT,4A0,444000,444000
444220,44RT,4A0,444000,444000
445,44RT,445,445000,445000
4451,44RT,445,445000,445000
44511,44RT,445,445000,445000
445110,44RT,445,445000,445000
44512,44RT,445,445000,445000
445120,44RT,445,445000,445000
4452,44RT,445,445000,445000
44521,44RT,445,445000,445000
445210,44RT,445,445000,445000
44522,44RT,445,445000,445000
445220,44RT,445,445000,445000
44523,44RT,445,445000,445000
445230,44RT,445,445000,445000
44529,44RT,445,445000,445000
445291,44RT,445,445000,445000
445292,44RT,445,445000,445000
445299,44RT,445,445000,445000
4453,44RT,445,445000,445000
44531,44RT,445,445000,445000
445310,44RT,445,445000,445000
446,44RT,4A0,446000,446000
4461,44RT,4A0,446000,446000
44611,44RT,4A0,446000,446000
446110,44RT,4A0,446000,446000
44612,44RT,4A0,446000,446000
446120,44RT,4A0,446000,446000
44613,44RT,4A0,446000,446000
446130,44RT,4A0,446000,446000
44619,44RT,4A0,446000,446000
446191,44RT,4A0,446000,446000
446199,44RT,4A0,446000,446000
447,44RT,4A0,447000,447000
4471,44RT,4A0,447000,447000
44711,44RT,4A0,447000,447000
447110,44RT,4A0,447000,447000
44719,44RT,4A0,447000,447000
447190,44RT,4A0,447000,447000
448,44RT,4A0,448000,448000
4481,44RT,4A0,448000,448000
44811,44RT,4A0,448000,448000
448110,44RT,4A0,448000,448000
44812,44RT,4A0,448000,448000
448120,44RT,4A0,448000,448000
44813,44RT,4A0,448000,448000
448130,44RT,4A0,448000,448000
44814,44RT,4A0,448000,448000
448140,44RT,4A0,448000,448000
44815,44RT,4A0,448000,448000
448150,44RT,4A0,448000,448000
44819,44RT,4A0,448000,448000
448190,44RT,4A0,448000,448000
4482,44RT,4A0,448000,448000
44821,44RT,4A0,448000,448000
448210,44RT,4A0,448000,448000
4483,44RT,4A0,448000,448000
44831,44RT,4A0,448000,448000
448310,44RT,4A0,448000,448000
44832,44RT,4A0,448000,448000
448320,44RT,4A0,448000,448000
45,44RT,452,452000,452000
45,44RT,4A0,454000,454000
45,44RT,4A0,4B0000,4B0000
451,44RT,4A0,4B0000,4B0000
4511,44RT,4A0,4B0000,4B0000
45111,44RT,4A0,4B0000,4B0000
451110,44RT,4A0,4B0000,4B0000
45112,44RT,4A0,4B0000,4B0000
451120,44RT,4A0,4B0000,4B0000
45113,44RT,4A0,4B0000,4B0000
451130,44RT,4A0,4B0000,4B0000
45114,44RT,4A0,4B0000,4B0000
451140,44RT,4A0,4B0000,4B0000
4512,44RT,4A0,4B0000,4B0000
45121,44RT,4A0,4B0000,4B0000
451211,44RT,4A0,4B0000,4B0000
451212,44RT,4A0,4B0000,4B0000
452,44RT,452,452000,452000
4522,44RT,452,452000,452000
45221,44RT,452,452000,452000
452210,44RT,452,452000,452000
4523,44RT,452,452000,452000
45231,44RT,452,452000,452000
452311,44RT,452,452000,452000
452319,44RT,452,452000,452000
453,44RT,4A0,4B0000,4B0000
4531,44RT,4A0,4B0000,4B0000
45311,44RT,4A0,4B0000,4B0000
453110,44RT,4A0,4B0000,4B0000
4532,44RT,4A0,4B0000,4B0000
45321,44RT,4A0,4B0000,4B0000
453210,44RT,4A0,4B0000,4B0000
45322,44RT,4A0,4B0000,4B0000
453220,44RT,4A0,4B0000,4B0000
4533,44RT,4A0,4B0000,4B0000
45331,44RT,4A0,4B0000,4B0000
453310,44RT,4A0,4B0000,4B0000
4539,44RT,4A0,4B0000,4B0000
45391,44RT,4A0,4B0000,4B0000
453910,44RT,4A0,4B0000,4B0000
45392,44RT,4A0,4B0000,4B0000
453920,44RT,4A0,4B0000,4B0000
45393,44RT,4A0,4B0000,4B0000
453930,44RT,4A0,4B0000,4B0000
45399,44RT,4A0,4B0000,4B0000
453991,44RT,4A0,4B0000,4B0000
453998,44RT,4A0,4B0000,4B0000
454,44RT,4A0,454000,454000
4541,44RT,4A0,454000,454000
45411,44RT,4A0,454000,454000
454110,44RT,4A0,454000,454000
4542,44RT,4A0,454000,454000
45421,44RT,4A0,454000,454000
454210,44RT,4A0,454000,454000
4543,44RT,4A0,454000,454000
45431,44RT,4A0,454000,454000
454310,44RT,4A0,454000,454000
45439,44RT,4A0,454000,454000
454390,44RT,4A0,454000,454000
48,48TW,481,481000,481000
48,48TW,482,482000,482000
48,48TW,483,483000,483000
48,48TW,484,484000,484000
48,48TW,485,485000,485000
48,48TW,486,486000,486000
48,48TW,487OS,48A000,48A000
481,48TW,481,481000,481000
4811,48TW,481,481000,481000
48111,48TW,481,481000,481000
481111,48TW,481,481000,481000
481112,48TW,481,481000,481000
4812,48TW,481,481000,481000
48121,48TW,481,481000,481000
481211,48TW,481,481000,481000
481212,48TW,481,481000,481000
481219,48TW,481,481000,481000
482,48TW,482,482000,482000
4821,48TW,482,482000,482000
48211,48TW,482,482000,482000
482111,48TW,482,482000,482000
482112,48TW,482,482000,482000
483,48TW,483,483000,483000
4831,48TW,483,483000,483000
48311,48TW,483,483000,483000
483111,48TW,483,483000,483000
483112,48TW,483,483000,483000
483113,48TW,483,483000,483000
483114,48TW,483,483000,483000
4832,48TW,483,483000,483000
48321,48TW,483,483000,483000
483211,48TW,483,483000,483000
483212,48TW,483,483000,483000
484,48TW,484,484000,484000
4841,48TW,484,484000,484000
48411,48TW,484,484000,484000
484110,48TW,484,484000,484000
48412,48TW,484,484000,484000
484121,48TW,484,484000,484000
484122,48TW,484,484000,484000
4842,48TW,484,484000,484000
48421,48TW,484,484000,484000
484210,48TW,484,484000,484000
48422,48TW,484,484000,484000
484220,48TW,484,484000,484000
48423,48TW,484,484000,484000
484230,48TW,484,484000,484000
485,48TW,485,485000,485000
4851,48TW,485,485000,485000
48511,48TW,485,485000,485000
485111,48TW,485,485000,485000
485112,48TW,485,485000,485000
485113,48TW,485,485000,485000
485119,48TW,485,485000,485000
4852,48TW,485,485000,485000
48521,48TW,485,485000,485000
485210,48TW,485,485000,485000
4853,48TW,485,485000,485000
48531,48TW,485,485000,485000
485310,48TW,485,485000,485000
48532,48TW,485,485000,485000
485320,48TW,485,485000,485000
4854,48TW,485,485000,485000
48541,48TW,485,485000,485000
485410,48TW,485,485000,485000
4855,48TW,485,485000,485000
48551,48TW,485,485000,485000
485510,48TW,485,485000,485000
4859,48TW,485,485000,485000
48599,48TW,485,485000,485000
485991,48TW,485,485000,485000
485999,48TW,485,485000,485000
486,48TW,486,486000,486000
4861,48TW,486,486000,486000
48611,48TW,486,486000,486000
486110,48TW,486,486000,486000
4862,48TW,486,486000,486000
48621,48TW,486,486000,486000
486210,48TW,486,486000,486000
4869,48TW,486,486000,486000
48691,48TW,486,486000,486000
486910,48TW,486,486000,486000
48699,48TW,486,486000,486000
486990,48TW,486,486000,486000
487,48TW,487OS,48A000,48A000
4871,48TW,487OS,48A000,48A000
48711,48TW,487OS,48A000,48A000
487110,48TW,487OS,48A000,48A000
4872,48TW,487OS,48A000,48A000
48721,48TW,487OS,48A000,48A000
487210,48TW,487OS,48A000,48A000
4879,48TW,487OS,48A000,48A000
48799,48TW,487OS,48A000,48A000
487990,48TW,487OS,48A000,48A000
488,48TW,487OS,48A000,48A000
4881,48TW,487OS,48A000,48A000
48811,48TW,487OS,48A000,48A000
488111,48TW,487OS,48A000,48A000
488119,48TW,487OS,48A000,48A000
48819,48TW,487OS,48A000,48A000
488190,48TW,487OS,48A000,48A000
4882,48TW,487OS,48A000,48A000
48821,48TW,487OS,48A000,48A000
488210,48TW,487OS,48A000,48A000
4883,48TW,487OS,48A000,48A000
48831,48TW,487OS,48A000,48A000
488310,48TW,487OS,48A000,48A000
48832,48TW,487OS,48A000,48A000
488320,48TW,487OS,48A000,48A000
48833,48TW,487OS,48A000,48A000
488330,48TW,487OS,48A000,48A000
48839,48TW,487OS,48A000,48A000
488390,48TW,487OS,48A000,48A000
4884,48TW,487OS,48A000,48A000
48841,48TW,487OS,48A000,48A000
488410,48TW,487OS,48A000,48A000
48849,48TW,487OS,48A000,48A000
488490,48TW,487OS,48A000,48A000
4885,48TW,487OS,48A000,48A000
48851,48TW,487OS,48A000,48A000
488510,48TW,487OS,48A000,48A000
4889,48TW,487OS,48A000,48A000
48899,48TW,487OS,48A000,48A000
488991,48TW,487OS,48A000,48A000
488999,48TW,487OS,48A000,48A000
49,G,GFE,491000,491000
49,48TW,487OS,492000,492000
49,48TW,493,493000,493000
491,G,GFE,491000,491000
4911,G,GFE,491000,491000
49111,G,GFE,491000,491000
491110,G,GFE,491000,491000
492,48TW,487OS,492000,492000
4921,48TW,487OS,492000,492000
49211,48TW,487OS,492000,492000
492110,48TW,487OS,492000,492000
4922,48TW,487OS,492000,492000
49221,48TW,487OS,492000,492000
492210,48TW,487OS,492000,492000
493,48TW,493,493000,493000
4931,48TW,493,493000,493000
49311,48TW,493,493000,493000
493110,48TW,493,493000,493000
49312,48TW,493,493000,493000
493120,48TW,493,493000,493000
49313,48TW,493,493000,493000
493130,48TW,493,493000,493000
49319,48TW,493,493000,493000
493190,48TW,493,493000,493000
51,51,511,511110,511110
51,51,511,511120,511120
51,51,511,511130,511130
51,51,511,5111A0,5111A0
51,51,511,511200,511200
51,51,512,512100,512100
51,51,512,512200,512200
51,51,513,515100,515100
51,51,513,515200,515200
51,51,513,517110,517110
51,51,513,517210,517210
51,51,513,517A00,517A00
51,51,514,518200,518200
51,51,514,519130,519130
51,51,514,5191A0,5191A0
511,51,511,511110,511110
511,51,511,511120,511120
511,51,511,511130,511130
511,51,511,5111A0,5111A0
511,51,511,511200,511200
5111,51,511,511110,511110
5111,51,511,511120,511120
5111,51,511,511130,511130
5111,51,511,5111A0,5111A0
51111,51,511,511110,511110
511110,51,511,511110,511110
51112,51,511,511120,511120
511120,51,511,511120,511120
51113,51,511,511130,511130
511130,51,511,511130,511130
51114,51,511,5111A0,5111A0
511140,51,511,5111A0,5111A0
51119,51,511,5111A0,5111A0
511191,51,511,5111A0,5111A0
511199,51,511,5111A0,5111A0
5112,51,511,511200,511200
51121,51,511,511200,511200
511210,51,511,511200,511200
512,51,512,512100,512100
512,51,512,512200,512200
5121,51,512,512100,512100
51211,51,512,512100,512100
512110,51,512,512100,512100
51212,51,512,512100,512100
512120,51,512,512100,512100
51213,51,512,512100,512100
512131,51,512,512100,512100
512132,51,512,512100,512100
51219,51,512,512100,512100
512191,51,512,512100,512100
512199,51,512,512100,512100
5122,51,512,512200,512200
51223,51,512,512200,512200
512230,51,512,512200,512200
51224,51,512,512200,512200
512240,51,512,512200,512200
51225,51,512,512200,512200
512250,51,512,512200,512200
51229,51,512,512200,512200
512290,51,512,512200,512200
515,51,513,515100,515100
515,51,513,515200,515200
5151,51,513,515100,515100
51511,51,513,515100,515100
515111,51,513,515100,515100
515112,51,513,515100,515100
51512,51,513,515100,515100
515120,51,513,515100,515100
5152,51,513,515200,515200
51521,51,513,515200,515200
515210,51,513,515200,515200
517,51,513,517110,517110
517,51,513,517210,517210
517,51,513,517A00,517A00
5173,51,513,517110,517110
5173,51,513,517210,517210
51731,51,513,517110,517110
51731,51,513,517210,517210
517311,51,513,517110,517110
517312,51,513,517210,517210
5174,51,513,517A00,517A00
51741,51,513,517A00,517A00
517410,51,513,517A00,517A00
5179,51,513,517A00,517A00
51791,51,513,517A00,517A00
517911,51,513,517A00,517A00
517919,51,513,517A00,517A00
518,51,514,518200,518200
5182,51,514,518200,518200
51821,51,514,518200,518200
518210,51,514,518200,518200
519,51,514,519130,519130
519,51,514,5191A0,5191A0
5191,51,514,519130,519130
5191,51,514,5191A0,5191A0
51911,51,514,5191A0,5191A0
519110,51,514,5191A0,5191A0
51912,51,514,5191A0,5191A0
519120,51,514,5191A0,5191A0
51913,51,514,519130,519130
519130,51,514,519130,519130
51919,51,514,5191A0,5191A0
519190,51,514,5191A0,5191A0
52,FIRE,521CI,522A00,522A00
52,FIRE,523,523900,523900
52,FIRE,523,523A00,523A00
52,FIRE,524,524113,524113
52,FIRE,524,5241XX,5241XX
52,FIRE,524,524200,524200
52,FIRE,525,525000,525000
52,FIRE,521CI,52A000,52A000
521,FIRE,521CI,52A000,52A000
5211,FIRE,521CI,52A000,52A000
52111,FIRE,521CI,52A000,52A000
521110,FIRE,521CI,52A000,52A000
522,FIRE,521CI,522A00,522A00
522,FIRE,521CI,52A000,52A000
5221,FIRE,521CI,52A000,52A000
52211,FIRE,521CI,52A000,52A000
522110,FIRE,521CI,52A000,52A000
52212,FIRE,521CI,52A000,52A000
522120,FIRE,521CI,52A000,52A000
52213,FIRE,521CI,52A000,52A000
522130,FIRE,521CI,52A000,52A000
52219,FIRE,521CI,52A000,52A000
522190,FIRE,521CI,52A000,52A000
5222,FIRE,521CI,522A00,522A00
52221,FIRE,521CI,522A00,522A00
522210,FIRE,521CI,522A00,522A00
52222,FIRE,521CI,522A00,522A00
522220,FIRE,521CI,522A00,522A00
52229,FIRE,521CI,522A00,522A00
522291,FIRE,521CI,522A00,522A00
522292,FIRE,521CI,522A00,522A00
522293,FIRE,521CI,522A00,522A00
522294,FIRE,521CI,522A00,522A00
522298,FIRE,521CI,522A00,522A00
5223,FIRE,521CI,522A00,522A00
52231,FIRE,521CI,522A00,522A00
522310,FIRE,521CI,522A00,522A00
52232,FIRE,521CI,522A00,522A00
522320,FIRE,521CI,522A00,522A00
52239,FIRE,521CI,522A00,522A00
522390,FIRE,521CI,522A00,522A00
523,FIRE,523,523900,523900
523,FIRE,523,523A00,523A00
5231,FIRE,523,523A00,523A00
52311,FIRE,523,523A00,523A00
523110,FIRE,523,523A00,523A00
52312,FIRE,523,523A00,523A00
523120,FIRE,523,523A00,523A00
52313,FIRE,523,523A00,523A00
523130,FIRE,523,523A00,523A00
52314,FIRE,523,523A00,523A00
523140,FIRE,523,523A00,523A00
5232,FIRE,523,523A00,523A00
52321,FIRE,523,523A00,523A00
523210,FIRE,523,523A00,523A00
5239,FIRE,523,523900,523900
52391,FIRE,523,523900,523900
523910,FIRE,523,523900,523900
52392,FIRE,523,523900,523900
523920,FIRE,523,523900,523900
52393,FIRE,523,523900,523900
523930,FIRE,523,523900,523900
52399,FIRE,523,523900,523900
523991,FIRE,523,523900,523900
523999,FIRE,523,523900,523900
524,FIRE,524,524113,524113
524,FIRE,524,5241XX,5241XX
524,FIRE,524,524200,524200
5241,FIRE,524,524113,524113
5241,FIRE,524,5241XX,5241XX
52411,FIRE,524,524113,524113
52411,FIRE,524,5241XX,5241XX
524113,FIRE,524,524113,524113
524114,FIRE,524,5241XX,5241XX
52412,FIRE,524,5241XX,5241XX
524126,FIRE,524,5241XX,5241XX
524127,FIRE,524,5241XX,5241XX
524128,FIRE,524,5241XX,5241XX
52413,FIRE,524,5241XX,5241XX
524130,FIRE,524,5241XX,5241XX
5242,FIRE,524,524200,524200
52421,FIRE,524,524200,524200
524210,FIRE,524,524200,524200
52429,FIRE,524,524200,524200
524291,FIRE,524,524200,524200
524292,FIRE,524,524200,524200
524298,FIRE,524,524200,524200
525,FIRE,525,525000,525000
5251,FIRE,525,525000,525000
52511,FIRE,525,525000,525000
525110,FIRE,525,525000,525000
52512,FIRE,525,525000,525000
525120,FIRE,525,525000,525000
52519,FIRE,525,525000,525000
525190,FIRE,525,525000,525000
5259,FIRE,525,525000,525000
52591,FIRE,525,525000,525000
525910,FIRE,525,525000,525000
52592,FIRE,525,525000,525000
525920,FIRE,525,525000,525000
52599,FIRE,525,525000,525000
525990,FIRE,525,525000,525000
53,FIRE,HS,531HSO,531HSO
53,FIRE,HS,531HST,531HST
53,FIRE,ORE,531ORE,531ORE
53,FIRE,532RL,532100,532100
53,FIRE,532RL,532400,532400
53,FIRE,532RL,532A00,532A00
53,FIRE,532RL,533000,533000
531,FIRE,HS,531HSO,531HSO
531,FIRE,HS,531HST,531HST
531,FIRE,ORE,531ORE,531ORE
5311,FIRE,HS,531HSO,531HSO
5311,FIRE,HS,531HST,531HST
5311,FIRE,ORE,531ORE,531ORE
53111,FIRE,HS,531HSO,531HSO
53111,FIRE,HS,531HST,531HST
531110,FIRE,HS,531HSO,531HSO
531110,FIRE,HS,531HST,531HST
53112,FIRE,ORE,531ORE,531ORE
531120,FIRE,ORE,531ORE,531ORE
53113,FIRE,ORE,531ORE,531ORE
531130,FIRE,ORE,531ORE,531ORE
53119,FIRE,ORE,531ORE,531ORE
531190,FIRE,ORE,531ORE,531ORE
5312,FIRE,ORE,531ORE,531ORE
53121,FIRE,ORE,531ORE,531ORE
531210,FIRE,ORE,531ORE,531ORE
5313,FIRE,ORE,531ORE,531ORE
53131,FIRE,ORE,531ORE,531ORE
531311,FIRE,ORE,531ORE,531ORE
531312,FIRE,ORE,531ORE,531ORE
53132,FIRE,ORE,531ORE,531ORE
531320,FIRE,ORE,531ORE,531ORE
53139,FIRE,ORE,531ORE,531ORE
531390,FIRE,ORE,531ORE,531ORE
532,FIRE,532RL,532100,532100
532,FIRE,532RL,532400,532400
532,FIRE,532RL,532A00,532A00
5321,FIRE,532RL,532100,532100
53211,FIRE,532RL,532100,532100
532111,FIRE,532RL,532100,532100
532112,FIRE,532RL,532100,532100
53212,FIRE,532RL,532100,532100
532120,FIRE,532RL,532100,532100
5322,FIRE,532RL,532A00,532A00
53221,FIRE,532RL,532A00,532A00
532210,FIRE,532RL,532A00,532A00
53228,FIRE,532RL,532A00,532A00
532281,FIRE,532RL,532A00,532A00
532282,FIRE,532RL,532A00,532A00
532283,FIRE,532RL,532A00,532A00
532284,FIRE,532RL,532A00,532A00
532289,FIRE,532RL,532A00,532A00
5323,FIRE,532RL,532A00,532A00
53231,FIRE,532RL,532A00,532A00
532310,FIRE,532RL,532A00,532A00
5324,FIRE,532RL,532400,532400
53241,FIRE,532RL,532400,532400
532411,FIRE,532RL,532400,532400
532412,FIRE,532RL,532400,532400
53242,FIRE,532RL,532400,532400
532420,FIRE,532RL,532400,532400
53249,FIRE,532RL,532400,532400
532490,FIRE,532RL,532400,532400
533,FIRE,532RL,533000,533000
5331,FIRE,532RL,533000,533000
53311,FIRE,532RL,533000,533000
533110,FIRE,532RL,533000,533000
54,PROF,5411,541100,541100
54,PROF,5412OP,541200,541200
54,PROF,5412OP,541300,541300
54,PROF,5412OP,541400,541400
54,PROF,5415,541511,541511
54,PROF,5415,541512,541512
54,PROF,5415,54151A,54151A
54,PROF,5412OP,541610,541610
54,PROF,5412OP,5416A0,5416A0
54,PROF,5412OP,541700,541700
54,PROF,5412OP,541800,541800
54,PROF,5412OP,541920,541920
54,PROF,5412OP,541940,541940
54,PROF,5412OP,5419A0,5419A0
541,PROF,5411,541100,541100
541,PROF,5412OP,541200,541200
541,PROF,5412OP,541300,541300
541,PROF,5412OP,541400,541400
541,PROF,5415,541511,541511
541,PROF,5415,541512,541512
541,PROF,5415,54151A,54151A
541,PROF,5412OP,541610,541610
541,PROF,5412OP,5416A0,5416A0
541,PROF,5412OP,541700,541700
541,PROF,5412OP,541800,541800
541,PROF,5412OP,541920,541920
541,PROF,5412OP,541940,541940
541,PROF,5412OP,5419A0,5419A0
5411,PROF,5411,541100,541100
54111,PROF,5411,541100,541100
541110,PROF,5411,541100,541100
54112,PROF,5411,541100,541100
541120,PROF,5411,541100,541100
54119,PROF,5411,541100,541100
541191,PROF,5411,541100,541100
541199,PROF,5411,541100,541100
5412,PROF,5412OP,541200,541200
54121,PROF,5412OP,541200,541200
541211,PROF,5412OP,541200,541200
541213,PROF,5412OP,541200,541200
541214,PROF,5412OP,541200,541200
541219,PROF,5412OP,541200,541200
5413,PROF,5412OP,541300,541300
54131,PROF,5412OP,541300,541300
541310,PROF,5412OP,541300,541300
54132,PROF,5412OP,541300,541300
541320,PROF,5412OP,541300,541300
54133,PROF,5412OP,541300,541300
541330,PROF,5412OP,541300,541300
54134,PROF,5412OP,541300,541300
541340,PROF,5412OP,541300,541300
54135,PROF,5412OP,541300,541300
541350,PROF,5412OP,541300,541300
54136,PROF,5412OP,541300,541300
541360,PROF,5412OP,541300,541300
54137,PROF,5412OP,541300,541300
541370,PROF,5412OP,541300,541300
54138,PROF,5412OP,541300,541300
541380,PROF,5412OP,541300,541300
5414,PROF,5412OP,541400,541400
54141,PROF,5412OP,541400,541400
541410,PROF,5412OP,541400,541400
54142,PROF,5412OP,541400,541400
541420,PROF,5412OP,541400,541400
54143,PROF,5412OP,541400,541400
541430,PROF,5412OP,541400,541400
54149,PROF,5412OP,541400,541400
541490,PROF,5412OP,541400,541400
5415,PROF,5415,541511,541511
5415,PROF,5415,541512,541512
5415,PROF,5415,54151A,54151A
54151,PROF,5415,541511,541511
54151,PROF,5415,541512,541512
54151,PROF,5415,54151A,54151A
541511,PROF,5415,541511,541511
541512,PROF,5415,541512,541512
541513,PROF,5415,54151A,54151A
541519,PROF,5415,54151A,54151A
5416,PROF,5412OP,541610,541610
5416,PROF,5412OP,5416A0,5416A0
54161,PROF,5412OP,541610,541610
541611,PROF,5412OP,541610,541610
541612,PROF,5412OP,541610,541610
541613,PROF,5412OP,541610,541610
541614,PROF,5412OP,541610,541610
541618,PROF,5412OP,541610,541610
54162,PROF,5412OP,5416A0,5416A0
541620,PROF,5412OP,5416A0,5416A0
54169,PROF,5412OP,5416A0,5416A0
541690,PROF,5412OP,5416A0,5416A0
5417,PROF,5412OP,541700,541700
54171,PROF,5412OP,541700,541700
541713,PROF,5412OP,541700,541700
541714,PROF,5412OP,541700,541700
541715,PROF,5412OP,541700,541700
54172,PROF,5412OP,541700,541700
541720,PROF,5412OP,541700,541700
5418,PROF,5412OP,541800,541800
54181,PROF,5412OP,541800,541800
541810,PROF,5412OP,541800,541800
54182,PROF,5412OP,541800,541800
541820,PROF,5412OP,541800,541800
54183,PROF,5412OP,541800,541800
541830,PROF,5412OP,541800,541800
54184,PROF,5412OP,541800,541800
541840,PROF,5412OP,541800,541800
54185,PROF,5412OP,541800,541800
541850,PROF,5412OP,541800,541800
54186,PROF,5412OP,541800,541800
541860,PROF,5412OP,541800,541800
54187,PROF,5412OP,541800,541800
541870,PROF,5412OP,541800,541800
54189,PROF,5412OP,541800,541800
541890,PROF,5412OP,541800,541800
5419,PROF,5412OP,541920,541920
5419,PROF,5412OP,541940,541940
5419,PROF,5412OP,5419A0,5419A0
54191,PROF,5412OP,5419A0,5419A0
541910,PROF,5412OP,5419A0,5419A0
54192,PROF,5412OP,541920,541920
541921,PROF,5412OP,541920,541920
541922,PROF,5412OP,541920,541920
54193,PROF,5412OP,5419A0,5419A0
541930,PROF,5412OP,5419A0,5419A0
54194,PROF,5412OP,541940,541940
541940,PROF,5412OP,541940,541940
54199,PROF,5412OP,5419A0,5419A0
541990,PROF,5412OP,5419A0,5419A0
55,PROF,55,550000,550000
551,PROF,55,550000,550000
5511,PROF,55,550000,550000
55111,PROF,55,550000,550000
551111,PROF,55,550000,550000
551112,PROF,55,550000,550000
551114,PROF,55,550000,550000
56,PROF,561,561100,561100
56,PROF,561,561200,561200
56,PROF,561,561300,561300
56,PROF,561,561400,561400
56,PROF,561,561500,561500
56,PROF,561,561600,561600
56,PROF,561,561700,561700
56,PROF,561,561900,561900
56,PROF,562,562000,562000
561,PROF,561,561100,561100
561,PROF,561,561200,561200
561,PROF,561,561300,561300
561,PROF,561,561400,561400
561,PROF,561,561500,561500
561,PROF,561,561600,561600
561,PROF,561,561700,561700
561,PROF,561,561900,561900
5611,PROF,561,561100,561100
56111,PROF,561,561100,561100
561110,PROF,561,561100,561100
5612,PROF,561,561200,561200
56121,PROF,561,561200,561200
561210,PROF,561,561200,561200
5613,PROF,561,561300,561300
56131,PROF,561,561300,561300
561311,PROF,561,561300,561300
561312,PROF,561,561300,561300
56132,PROF,561,561300,561300
561320,PROF,561,561300,561300
56133,PROF,561,561300,561300
561330,PROF,561,561300,561300
5614,PROF,561,561400,561400
56141,PROF,561,561400,561400
561410,PROF,561,561400,561400
56142,PROF,561,561400,561400
561421,PROF,561,561400,561400
561422,PROF,561,561400,561400
56143,PROF,561,561400,561400
561431,PROF,561,561400,561400
561439,PROF,561,561400,561400
56144,PROF,561,561400,561400
561440,PROF,561,561400,561400
56145,PROF,561,561400,561400
561450,PROF,561,561400,561400
56149,PROF,561,561400,561400
561491,PROF,561,561400,561400
561492,PROF,561,561400,561400
561499,PROF,561,561400,561400
5615,PROF,561,561500,561500
56151,PROF,561,561500,561500
561510,PROF,561,561500,561500
56152,PROF,561,561500,561500
561520,PROF,561,561500,561500
56159,PROF,561,561500,561500
561591,PROF,561,561500,561500
561599,PROF,561,561500,561500
5616,PROF,561,561600,561600
56161,PROF,561,561600,561600
561611,PROF,561,561600,561600
561612,PROF,561,561600,561600
561613,PROF,561,561600,561600
56162,PROF,561,561600,561600
561621,PROF,561,561600,561600
561622,PROF,561,561600,561600
5617,PROF,561,561700,561700
56171,PROF,561,561700,561700
561710,PROF,561,561700,561700
56172,PROF,561,561700,561700
561720,PROF,561,561700,561700
56173,PROF,561,561700,561700
561730,PROF,561,561700,561700
56174,PROF,561,561700,561700
561740,PROF,561,561700,561700
56179,PROF,561,561700,561700
561790,PROF,561,561700,561700
5619,PROF,561,561900,561900
56191,PROF,561,561900,561900
561910,PROF,561,561900,561900
56192,PROF,561,561900,561900
561920,PROF,561,561900,561900
56199,PROF,561,561900,561900
561990,PROF,561,561900,561900
562,PROF,562,562000,562000
5621,PROF,562,562000,562000
56211,PROF,562,562000,562000
562111,PROF,562,562000,562000
562112,PROF,562,562000,562000
562119,PROF,562,562000,562000
5622,PROF,562,562000,562000
56221,PROF,562,562000,562000
562211,PROF,562,562000,562000
562212,PROF,562,562000,562000
562213,PROF,562,562000,562000
562219,PROF,562,562000,562000
5629,PROF,562,562000,562000
56291,PROF,562,562000,562000
562910,PROF,562,562000,562000
56292,PROF,562,562000,562000
562920,PROF,562,562000,562000
56299,PROF,562,562000,562000
562991,PROF,562,562000,562000
562998,PROF,562,562000,562000
61,6,61,611100,611100
61,6,61,611A00,611A00
61,6,61,611B00,611B00
611,6,61,611100,611100
611,6,61,611A00,611A00
611,6,61,611B00,611B00
6111,6,61,611100,611100
61111,6,61,611100,611100
611110,6,61,611100,611100
6112,6,61,611A00,611A00
61121,6,61,611A00,611A00
611210,6,61,611A00,611A00
6113,6,61,611A00,611A00
61131,6,61,611A00,611A00
611310,6,61,611A00,611A00
6114,6,61,611B00,611B00
61141,6,61,611B00,611B00
611410,6,61,611B00,611B00
61142,6,61,611B00,611B00
611420,6,61,611B00,611B00
61143,6,61,611B00,611B00
611430,6,61,611B00,611B00
6115,6,61,611B00,611B00
61151,6,61,611B00,611B00
611511,6,61,611B00,611B00
611512,6,61,611B00,611B00
611513,6,61,611B00,611B00
611519,6,61,611B00,611B00
6116,6,61,611B00,611B00
61161,6,61,611B00,611B00
611610,6,61,611B00,611B00
61162,6,61,611B00,611B00
611620,6,61,611B00,611B00
61163,6,61,611B00,611B00
611630,6,61,611B00,611B00
61169,6,61,611B00,611B00
611691,6,61,611B00,611B00
611692,6,61,611B00,611B00
611699,6,61,611B00,611B00
6117,6,61,611B00,611B00
61171,6,61,611B00,611B00
611710,6,61,611B00,611B00
62,6,621,621100,621100
62,6,621,621200,621200
62,6,621,621300,621300
62,6,621,621400,621400
62,6,621,621500,621500
62,6,621,621600,621600
62,6,621,621900,621900
62,6,622,622000,622000
62,6,623,623A00,623A00
62,6,623,623B00,623B00
62,6,624,624100,624100
62,6,624,624400,624400
62,6,624,624A00,624A00
621,6,621,621100,621100
621,6,621,621200,621200
621,6,621,621300,621300
621,6,621,621400,621400
621,6,621,621500,621500
621,6,621,621600,621600
621,6,621,621900,621900
6211,6,621,621100,621100
62111,6,621,621100,621100
621111,6,621,621100,621100
621112,6,621,621100,621100
6212,6,621,621200,621200
62121,6,621,621200,621200
621210,6,621,621200,621200
6213,6,621,621300,621300
62131,6,621,621300,621300
621310,6,621,621300,621300
62132,6,621,621300,621300
621320,6,621,621300,621300
62133,6,621,621300,621300
621330,6,621,621300,621300
62134,6,621,621300,621300
621340,6,621,621300,621300
62139,6,621,621300,621300
621391,6,621,621300,621300
621399,6,621,621300,621300
6214,6,621,621400,621400
62141,6,621,621400,621400
621410,6,621,621400,621400
62142,6,621,621400,621400
621420,6,621,621400,621400
62149,6,621,621400,621400
621491,6,621,621400,621400
621492,6,621,621400,621400
621493,6,621,621400,621400
621498,6,621,621400,621400
6215,6,621,621500,621500
62151,6,621,621500,621500
621511,6,621,621500,621500
621512,6,621,621500,621500
6216,6,621,621600,621600
62161,6,621,621600,621600
621610,6,621,621600,621600
6219,6,621,621900,621900
62191,6,621,621900,621900
621910,6,621,621900,621900
62199,6,621,621900,621900
621991,6,621,621900,621900
621999,6,621,621900,621900
622,6,622,622000,622000
6221,6,622,622000,622000
62211,6,622,622000,622000
622110,6,622,622000,622000
6222,6,622,622000,622000
62221,6,622,622000,622000
622210,6,622,622000,622000
6223,6,622,622000,622000
62231,6,622,622000,622000
622310,6,622,622000,622000
623,6,623,623A00,623A00
623,6,623,623B00,623B00
6231,6,623,623A00,623A00
62311,6,623,623A00,623A00
623110,6,623,623A00,623A00
6232,6,623,623B00,623B00
62321,6,623,623B00,623B00
623210,6,623,623B00,623B00
62322,6,623,623B00,623B00
623220,6,623,623B00,623B00
6233,6,623,623A00,623A00
62331,6,623,623A00,623A00
623311,6,623,623A00,623A00
623312,6,623,623A00,623A00
6239,6,623,623B00,623B00
62399,6,623,623B00,623B00
623990,6,623,623B00,623B00
624,6,624,624100,624100
624,6,624,624400,624400
624,6,624,624A00,624A00
6241,6,624,624100,624100
62411,6,624,624100,624100
624110,6,624,624100,624100
62412,6,624,624100,624100
624120,6,624,624100,624100
62419,6,624,624100,624100
624190,6,624,624100,624100
6242,6,624,624A00,624A00
62421,6,624,624A00,624A00
624210,6,624,624A00,624A00
62422,6,624,624A00,624A00
624221,6,624,624A00,624A00
624229,6,624,624A00,624A00
62423,6,624,624A00,624A00
624230,6,624,624A00,624A00
6243,6,624,624A00,624A00
62431,6,624,624A00,624A00
624310,6,624,624A00,624A00
6244,6,624,624400,624400
62441,6,624,624400,624400
624410,6,624,624400,624400
71,7,711AS,711100,711100
71,7,711AS,711200,711200
71,7,711AS,711500,711500
71,7,711AS,711A00,711A00
71,7,711AS,712000,712000
71,7,713,713100,713100
71,7,713,713200,713200
71,7,713,713900,713900
711,7,711AS,711100,711100
711,7,711AS,711200,711200
711,7,711AS,711500,711500
711,7,711AS,711A00,711A00
7111,7,711AS,711100,711100
71111,7,711AS,711100,711100
711110,7,711AS,711100,711100
71112,7,711AS,711100,711100
711120,7,711AS,711100,711100
71113,7,711AS,711100,711100
711130,7,711AS,711100,711100
71119,7,711AS,711100,711100
711190,7,711AS,711100,711100
7112,7,711AS,711200,711200
71121,7,711AS,711200,711200
711211,7,711AS,711200,711200
711212,7,711AS,711200,711200
711219,7,711AS,711200,711200
7113,7,711AS,711A00,711A00
71131,7,711AS,711A00,711A00
711310,7,711AS,711A00,711A00
71132,7,711AS,711A00,711A00
711320,7,711AS,711A00,711A00
7114,7,711AS,711A00,711A00
71141,7,711AS,711A00,711A00
711410,7,711AS,711A00,711A00
7115,7,711AS,711500,711500
71151,7,711AS,711500,711500
711510,7,711AS,711500,711500
712,7,711AS,712000,712000
7121,7,711AS,712000,712000
71211,7,711AS,712000,712000
712110,7,711AS,712000,712000
71212,7,711AS,712000,712000
712120,7,711AS,712000,712000
71213,7,711AS,712000,712000
712130,7,711AS,712000,712000
71219,7,711AS,712000,712000
712190,7,711AS,712000,712000
713,7,713,713100,713100
713,7,713,713200,713200
713,7,713,713900,713900
7131,7,713,713100,713100
71311,7,713,713100,713100
713110,7,713,713100,713100
71312,7,713,713100,713100
713120,7,713,713100,713100
7132,7,713,713200,713200
71321,7,713,713200,713200
713210,7,713,713200,713200
71329,7,713,713200,713200
713290,7,713,713200,713200
7139,7,713,713900,713900
71391,7,713,713900,713900
713910,7,713,713900,713900
71392,7,713,713900,713900
713920,7,713,713900,713900
71393,7,713,713900,713900
713930,7,713,713900,713900
71394,7,713,713900,713900
713940,7,713,713900,713900
71395,7,713,713900,713900
713950,7,713,713900,713900
71399,7,713,713900,713900
713990,7,713,713900,713900
72,7,721,721000,721000
72,7,722,722110,722110
72,7,722,722211,722211
72,7,722,722A00,722A00
721,7,721,721000,721000
7211,7,721,721000,721000
72111,7,721,721000,721000
721110,7,721,721000,721000
72112,7,721,721000,721000
721120,7,721,721000,721000
72119,7,721,721000,721000
721191,7,721,721000,721000
721199,7,721,721000,721000
7212,7,721,721000,721000
72121,7,721,721000,721000
721211,7,721,721000,721000
721214,7,721,721000,721000
7213,7,721,721000,721000
72131,7,721,721000,721000
721310,7,721,721000,721000
722,7,722,722110,722110
722,7,722,722211,722211
722,7,722,722A00,722A00
7223,7,722,722A00,722A00
72231,7,722,722A00,722A00
722310,7,722,722A00,722A00
72232,7,722,722A00,722A00
722320,7,722,722A00,722A00
72233,7,722,722A00,722A00
722330,7,722,722A00,722A00
7224,7,722,722A00,722A00
72241,7,722,722A00,722A00
722410,7,722,722A00,722A00
7225,7,722,722110,722110
7225,7,722,722211,722211
7225,7,722,722A00,722A00
72251,7,722,722110,722110
72251,7,722,722211,722211
72251,7,722,722A00,722A00
722511,7,722,722110,722110
722513,7,722,722211,722211
722514,7,722,722A00,722A00
722515,7,722,722A00,722A00
81,81,81,811100,811100
81,81,81,811200,811200
81,81,81,811300,811300
81,81,81,811400,811400
81,81,81,812100,812100
81,81,81,812200,812200
81,81,81,812300,812300
81,81,81,812900,812900
81,81,81,813100,813100
81,81,81,813A00,813A00
81,81,81,813B00,813B00
81,81,81,814000,814000
811,81,81,811100,811100
811,81,81,811200,811200
811,81,81,811300,811300
811,81,81,811400,811400
8111,81,81,811100,811100
81111,81,81,811100,811100
811111,81,81,811100,811100
811112,81,81,811100,811100
811113,81,81,811100,811100
811118,81,81,811100,811100
81112,81,81,811100,811100
811121,81,81,811100,811100
811122,81,81,811100,811100
81119,81,81,811100,811100
811191,81,81,811100,811100
811192,81,81,811100,811100
811198,81,81,811100,811100
8112,81,81,811200,811200
81121,81,81,811200,811200
811211,81,81,811200,811200
811212,81,81,811200,811200
811213,81,81,811200,811200
811219,81,81,811200,811200
8113,81,81,811300,811300
81131,81,81,811300,811300
811310,81,81,811300,811300
8114,81,81,811400,811400
81141,81,81,811400,811400
811411,81,81,811400,811400
811412,81,81,811400,811400
81142,81,81,811400,811400
811420,81,81,811400,811400
81143,81,81,811400,811400
811430,81,81,811400,811400
81149,81,81,811400,811400
811490,81,81,811400,811400
812,81,81,812100,812100
812,81,81,812200,812200
812,81,81,812300,812300
812,81,81,812900,812900
8121,81,81,812100,812100
81211,81,81,812100,812100
812111,81,81,812100,812100
812112,81,81,812100,812100
812113,81,81,812100,812100
81219,81,81,812100,812100
812191,81,81,812100,812100
812199,81,81,812100,812100
8122,81,81,812200,812200
81221,81,81,812200,812200
812210,81,81,812200,812200
81222,81,81,812200,812200
812220,81,81,812200,812200
8123,81,81,812300,812300
81231,81,81,812300,812300
812310,81,81,812300,812300
81232,81,81,812300,812300
812320,81,81,812300,812300
81233,81,81,812300,812300
812331,81,81,812300,812300
812332,81,81,812300,812300
8129,81,81,812900,812900
81291,81,81,812900,812900
812910,81,81,812900,812900
81292,81,81,812900,812900
812921,81,81,812900,812900
812922,81,81,812900,812900
81293,81,81,812900,812900
812930,81,81,812900,812900
81299,81,81,812900,812900
812990,81,81,812900,812900
813,81,81,813100,813100
813,81,81,813A00,813A00
813,81,81,813B00,813B00
8131,81,81,813100,813100
81311,81,81,813100,813100
813110,81,81,813100,813100
8132,81,81,813A00,813A00
81321,81,81,813A00,813A00
813211,81,81,813A00,813A00
813212,81,81,813A00,813A00
813219,81,81,813A00,813A00
8133,81,81,813A00,813A00
81331,81,81,813A00,813A00
813311,81,81,813A00,813A00
813312,81,81,813A00,813A00
813319,81,81,813A00,813A00
8134,81,81,813B00,813B00
81341,81,81,813B00,813B00
813410,81,81,813B00,813B00
8139,81,81,813B00,813B00
81391,81,81,813B00,813B00
813910,81,81,813B00,813B00
81392,81,81,813B00,813B00
813920,81,81,813B00,813B00
81393,81,81,813B00,813B00
813930,81,81,813B00,813B00
81394,81,81,813B00,813B00
813940,81,81,813B00,813B00
81399,81,81,813B00,813B00
813990,81,81,813B00,813B00
814,81,81,814000,814000
8141,81,81,814000,814000
81411,81,81,814000,814000
814110,81,81,814000,814000
92,G,GSLG,GSLGE,GSLGE
92,G,GSLG,GSLGH,GSLGH
92,G,GSLG,GSLGO,GSLGO
92,G,GFE,S00102,S00102
92,G,GSLE,S00203,S00203
92,G,GFGD,S00500,S00500
92,G,GFGN,S00600,S00600
921,G,GSLG,GSLGO,GSLGO
921,G,GFGN,S00600,S00600
9211,G,GSLG,GSLGO,GSLGO
9211,G,GFGN,S00600,S00600
92111,G,GSLG,GSLGO,GSLGO
92111,G,GFGN,S00600,S00600
921110,G,GSLG,GSLGO,GSLGO
921110,G,GFGN,S00600,S00600
92112,G,GSLG,GSLGO,GSLGO
92112,G,GFGN,S00600,S00600
921120,G,GSLG,GSLGO,GSLGO
921120,G,GFGN,S00600,S00600
92113,G,GSLG,GSLGO,GSLGO
92113,G,GFGN,S00600,S00600
921130,G,GSLG,GSLGO,GSLGO
921130,G,GFGN,S00600,S00600
92114,G,GSLG,GSLGO,GSLGO
92114,G,GFGN,S00600,S00600
921140,G,GSLG,GSLGO,GSLGO
921140,G,GFGN,S00600,S00600
92115,G,GSLG,GSLGO,GSLGO
921150,G,GSLG,GSLGO,GSLGO
92119,G,GSLG,GSLGO,GSLGO
92119,G,GFGN,S00600,S00600
921190,G,GSLG,GSLGO,GSLGO
921190,G,GFGN,S00600,S00600
922,G,GSLG,GSLGO,GSLGO
922,G,GSLE,S00203,S00203
922,G,GFGN,S00600,S00600
9221,G,GSLG,GSLGO,GSLGO
9221,G,GFE,S00102,S00102
9221,G,GSLE,S00203,S00203
9221,G,GFGN,S00600,S00600
92211,G,GSLG,GSLGO,GSLGO
92211,G,GFGN,S00600,S00600
922110,G,GSLG,GSLGO,GSLGO
922110,G,GFGN,S00600,S00600
92212,G,GSLG,GSLGO,GSLGO
92212,G,GFE,S00102,S00102
92212,G,GSLE,S00203,S00203
92212,G,GFGN,S00600,S00600
922120,G,GSLG,GSLGO,GSLGO
922120,G,GFE,S00102,S00102
922120,G,GSLE,S00203,S00203
922120,G,GFGN,S00600,S00600
92213,G,GSLG,GSLGO,GSLGO
92213,G,GFGN,S00600,S00600
922130,G,GSLG,GSLGO,GSLGO
922130,G,GFGN,S00600,S00600
92214,G,GSLG,GSLGO,GSLGO
92214,G,GFE,S00102,S00102
92214,G,GSLE,S00203,S00203
92214,G,GFGN,S00600,S00600
922140,G,GSLG,GSLGO,GSLGO
922140,G,GFE,S00102,S00102
922140,G,GSLE,S00203,S00203
922140,G,GFGN,S00600,S00600
92215,G,GSLG,GSLGO,GSLGO
92215,G,GFGN,S00600,S00600
922150,G,GSLG,GSLGO,GSLGO
922150,G,GFGN,S00600,S00600
92216,G,GSLG,GSLGO,GSLGO
92216,G,GSLE,S00203,S00203
922160,G,GSLG,GSLGO,GSLGO
922160,G,GSLE,S00203,S00203
922160,G,GFGN,S00600,S00600
92219,G,GSLG,GSLGO,GSLGO
92219,G,GFGN,S00600,S00600
922190,G,GSLG,GSLGO,GSLGO
922190,G,GFGN,S00600,S00600
923,G,GSLG,GSLGE,GSLGE
923,G,GSLG,GSLGH,GSLGH
923,G,GSLG,GSLGO,GSLGO
923,G,GFGN,S00600,S00600
9231,G,GSLG,GSLGE,GSLGE
9231,G,GSLG,GSLGH,GSLGH
9231,G,GSLG,GSLGO,GSLGO
9231,G,GFGN,S00600,S00600
92311,G,GSLG,GSLGE,GSLGE
92311,G,GFGN,S00600,S00600
923110,G,GSLG,GSLGE,GSLGE
923110,G,GFGN,S00600,S00600
92312,G,GSLG,GSLGH,GSLGH
92312,G,GFGN,S00600,S00600
923120,G,GSLG,GSLGH,GSLGH
923120,G,GFGN,S00600,S00600
92313,G,GSLG,GSLGO,GSLGO
92313,G,GFGN,S00600,S00600
923130,G,GSLG,GSLGO,GSLGO
923130,G,GFGN,S00600,S00600
92314,G,GFGN,S00600,S00600
923140,G,GFGN,S00600,S00600
924,G,GSLG,GSLGO,GSLGO
924,G,GFGN,S00600,S00600
9241,G,GSLG,GSLGO,GSLGO
9241,G,GFGN,S00600,S00600
92411,G,GSLG,GSLGO,GSLGO
92411,G,GFGN,S00600,S00600
924110,G,GSLG,GSLGO,GSLGO
924110,G,GFGN,S00600,S00600
92412,G,GSLG,GSLGO,GSLGO
92412,G,GFGN,S00600,S00600
924120,G,GSLG,GSLGO,GSLGO
924120,G,GFGN,S00600,S00600
925,G,GSLG,GSLGO,GSLGO
925,G,GFGN,S00600,S00600
9251,G,GSLG,GSLGO,GSLGO
9251,G,GFGN,S00600,S00600
92511,G,GSLG,GSLGO,GSLGO
92511,G,GFGN,S00600,S00600
925110,G,GSLG,GSLGO,GSLGO
925110,G,GFGN,S00600,S00600
92512,G,GSLG,GSLGO,GSLGO
92512,G,GFGN,S00600,S00600
925120,G,GSLG,GSLGO,GSLGO
925120,G,GFGN,S00600,S00600
926,G,GSLG,GSLGO,GSLGO
926,G,GFGN,S00600,S00600
9261,G,GSLG,GSLGO,GSLGO
9261,G,GFGN,S00600,S00600
92611,G,GSLG,GSLGO,GSLGO
92611,G,GFGN,S00600,S00600
926110,G,GSLG,GSLGO,GSLGO
926110,G,GFGN,S00600,S00600
92612,G,GFGN,S00600,S00600
926120,G,GSLG,GSLGO,GSLGO
926120,G,GFGN,S00600,S00600
92613,G,GSLG,GSLGO,GSLGO
92613,G,GFGN,S00600,S00600
926130,G,GSLG,GSLGO,GSLGO
926130,G,GFGN,S00600,S00600
92614,G,GSLG,GSLGO,GSLGO
92614,G,GFGN,S00600,S00600
926140,G,GSLG,GSLGO,GSLGO
926140,G,GFGN,S00600,S00600
92615,G,GSLG,GSLGO,GSLGO
92615,G,GFGN,S00600,S00600
926150,G,GSLG,GSLGO,GSLGO
926150,G,GFGN,S00600,S00600
927,G,GFE,S00102,S00102
9271,G,GFE,S00102,S00102
92711,G,GFE,S00102,S00102
927110,G,GFE,S00102,S00102
928,G,GFGD,S00500,S00500
928,G,GFGN,S00600,S00600
9281,G,GFGD,S00500,S00500
9281,G,GFGN,S00600,S00600
92811,G,GFGD,S00500,S00500
928110,G,GFGD,S00500,S00500
92812,G,GFGN,S00600,S00600
928120,G,GFGN,S00600,S00600
F010,F010,F010,F01000,F01000
F01000,F010,F010,F01000,F01000
S00101,G,GFE,S00101,S00101
S00201,G,GSLE,S00201,S00201
S00202,G,GSLE,S00202,S00202
,42,42,4200ID,4200ID
,F020,F02E,F02E00,F02E00
,F020,F02N,F02N00,F02N00
,F020,F02R,F02R00,F02R00
,F020,F02S,F02S00,F02S00
,F030,F030,F03000,F03000
,F040,F040,F04000,F04000
,F050,F050,F05000,F05000
,F100,F06C,F06C00,F06C00
,F100,F06E,F06E00,F06E00
,F100,F06N,F06N00,F06N00
,F100,F06S,F06S00,F06S00
,F100,F07C,F07C00,F07C00
,F100,F07E,F07E00,F07E00
,F100,F07N,F07N00,F07N00
,F100,F07S,F07S00,F07S00
,F100,F10C,F10C00,F10C00
,F100,F10E,F10E00,F10E00
,F100,F10N,F10N00,F10N00
,F100,F10S,F10S00,F10S00
,Other,Other,S00300,S00300
,Used,Used,S00401,S00401
,Used,Used,S00402,S00402
,Other,Other,S00900,S00900
,V001,V001,V00100,V00100
,V002,V002,V00200,V00200
,V003,V003,V00300,V00300
